product_link,title,reviews,price,stars,img_link,availability
https://www.amazon.com/Apple-12-9-inch-iPad-Pro-Wi-Fi-256GB/dp/B0BJLFC67L/ref=sr_1_1?keywords=ipad+pro&qid=1694599337&sr=8-1,"Apple iPad Pro 12.9-inch (6th Generation): with M2 chip, Liquid Retina XDR Display, 256GB, Wi-Fi 6E, 12MP front/12MP and 10MP Back Cameras, Face ID, All-Day Battery Life – Space Gray","1,274 ratings",,4.7 out of 5 stars,https://m.media-amazon.com/images/I/81c+9BOQNWL._AC_SX342_SY445_.jpg,Only 8 left in stock - order soon
https://www.amazon.com/2021-Apple-11-inch-Wi%E2%80%91Fi-128GB/dp/B095S3PRGV/ref=sr_1_2?keywords=ipad+pro&qid=1694599337&sr=8-2,"2021 Apple 11-inch iPad Pro (Wi‑Fi, 128GB) - Silver (Renewed)",810 ratings,$619.00,4.4 out of 5 stars,https://m.media-amazon.com/images/I/81kXSgs+eFL._AC_SY300_SX300_.jpg,Only 2 left in stock - order soon.
https://www.amazon.com/Apple-12-9-inch-Wi-Fi-Cellular-128GB/dp/B08FMRY1S5/ref=sr_1_3?keywords=ipad+pro&qid=1694599337&sr=8-3,"2020 Apple iPad Pro (12.9-inch, Wi-Fi + Cellular, 128GB) - Space Gray (Renewed)","1,650 ratings",$694.99,4.5 out of 5 stars,https://m.media-amazon.com/images/I/81Hz7EvjAvL.__AC_SX300_SY300_QL70_FMwebp_.jpg,Only 12 left in stock - order soon.
https://www.amazon.com/Apple-iPad-Pro-11-inch-Wi-Fi/dp/B08CBJZKKF/ref=sr_1_4?keywords=ipad+pro&qid=1694599337&sr=8-4,"2020 Apple iPad Pro 2nd Gen (11 inch, Wi-Fi, 1TB) Space Gray (Renewed)",733 ratings,$779.00,4.5 out of 5 stars,https://m.media-amazon.com/images/I/81zpCCNnByL.__AC_SX300_SY300_QL70_FMwebp_.jpg,Only 7 left in stock - order soon.
https://www.amazon.com/Apple-Tablet-Wi-Fi-Silver-Renewed/dp/B01KAKPB4Y/ref=sr_1_5?keywords=ipad+pro&qid=1694599337&sr=8-5,"Apple iPad Pro Tablet (32GB, Wi-Fi, 9.7in) Silver (Renewed)",634 ratings,$171.00,4.5 out of 5 stars,https://m.media-amazon.com/images/I/91xKRosDu2L.__AC_SX300_SY300_QL70_FMwebp_.jpg,Only 2 left in stock - order soon.
https://www.amazon.com/Apple-iPad-64GB-WiFi-Only/dp/B07QND6M4T/ref=sr_1_6?keywords=ipad+pro&qid=1694599337&sr=8-6,"Apple iPad Pro 2018 (11-inch, Wi-Fi, 64GB) - Silver (Renewed)","3,351 ratings",$389.95,4.4 out of 5 stars,https://m.media-amazon.com/images/I/61dKbl+8XSL._AC_SY300_SX300_.jpg,Only 2 left in stock - order soon.
https://www.amazon.com/Apple-11-inch-iPad-Pro-Wi-Fi-128GB/dp/B0BJLBKMV8/ref=sr_1_7?keywords=ipad+pro&qid=1694599337&sr=8-7,"Apple iPad Pro 11-inch (4th Generation): with M2 chip, Liquid Retina Display, 128GB, Wi-Fi 6E, 12MP front/12MP and 10MP Back Cameras, Face ID, All-Day Battery Life – Space Gray","1,243 ratings",,4.8 out of 5 stars,https://m.media-amazon.com/images/I/81gC7frRJyL.__AC_SY445_SX342_QL70_FMwebp_.jpg,Only 20 left in stock - order soon
https://www.amazon.com/Apple-Tablet-128GB-9-7in-Renewed/dp/B06XKLQ83L/ref=sr_1_8?keywords=ipad+pro&qid=1694599337&sr=8-8,"Apple iPad Pro Tablet (128GB, LTE, 9.7in) Gold (Renewed)",109 ratings,$236.00,4.6 out of 5 stars,https://m.media-amazon.com/images/I/91GdIWCNm4L.__AC_SX300_SY300_QL70_FMwebp_.jpg,Only 2 left in stock - order soon.
https://www.amazon.com/2021-Apple-12-9-inch-iPad-Wi%E2%80%91Fi/dp/B09835HVDM/ref=sr_1_9?keywords=ipad+pro&qid=1694599337&sr=8-9,iPad Pro5 12.9in 1TB Silver WiFi,940 ratings,$939.00,4.3 out of 5 stars,https://m.media-amazon.com/images/I/81Lg76GZ3ML.__AC_SX300_SY300_QL70_FMwebp_.jpg,Currently unavailable
https://www.amazon.com/Apple-iPad-Pro-12-9-inch-Generation/dp/B07Q8RX57R/ref=sr_1_10?keywords=ipad+pro&qid=1694599337&sr=8-10,"Apple iPad Pro 12.9-inch, 3rd Generation - Wi-Fi, 256GB - Space Gray (Renewed)","3,589 ratings",$579.00,4.4 out of 5 stars,https://m.media-amazon.com/images/I/61kXsWp8PTS.__AC_SX300_SY300_QL70_FMwebp_.jpg,Only 15 left in stock - order soon.
https://www.amazon.com/Apple-128GB-Wi-Fi-Tablet-Refurbished/dp/B01C131M6E/ref=sr_1_11?keywords=ipad+pro&qid=1694599337&sr=8-11,"Apple iPad Pro (128GB, Wi-Fi, Space Gray) 12.9in Tablet (Renewed)","1,189 ratings",$399.00,4.2 out of 5 stars,https://m.media-amazon.com/images/I/81R3IhW3yUL.__AC_SX300_SY300_QL70_FMwebp_.jpg,Currently unavailable
https://www.amazon.com/Apple-iPad-Pro-WiFi-Cellular/dp/B08B2FJ6GQ/ref=sr_1_12?keywords=ipad+pro&qid=1694599337&sr=8-12,"Apple iPad Pro 2th Gen (WiFi+Cellular) - 11"" - 1TB - Space Gray - MXF12LL/A (Renewed)",272 ratings,$835.00,4.3 out of 5 stars,https://m.media-amazon.com/images/I/81cqAewulzL.__AC_SX300_SY300_QL70_FMwebp_.jpg,Only 1 left in stock - order soon.
https://www.amazon.com/Apple-12-9-inch-Wi-Fi-Cellular-256GB/dp/B0BSMX36ZK/ref=sr_1_13?keywords=ipad+pro&qid=1694599337&sr=8-13,"2022 Apple iPad Pro (12.9-inch, Wi-Fi + Cellular, 256GB) - Silver (Renewed)",44 ratings,"$1,304.00",4.2 out of 5 stars,https://m.media-amazon.com/images/I/81XnFruH+QL._AC_SY300_SX300_.jpg,Only 9 left in stock - order soon.
https://www.amazon.com/Apple-iPad-Pro-10-5-Refurbished/dp/B077ZG1ZT6/ref=sr_1_14?keywords=ipad+pro&qid=1694599337&sr=8-14,Apple iPad Pro 10.5in - 256GB Wifi - 2017 Model - Gray (Renewed),631 ratings,$290.00,4.5 out of 5 stars,https://m.media-amazon.com/images/I/71L+DGdHyWL._AC_SY300_SX300_.jpg,Only 14 left in stock - order soon.
https://www.amazon.com/2021-Apple-10-2-inch-Wi-Fi-256GB/dp/B09G91TLNJ/ref=sr_1_15?keywords=ipad+pro&qid=1694599337&sr=8-15,"Apple iPad (9th Generation): with A13 Bionic chip, 10.2-inch Retina Display, 256GB, Wi-Fi, 12MP front/8MP Back Camera, Touch ID, All-Day Battery Life – Silver","133,311 ratings",,4.8 out of 5 stars,https://m.media-amazon.com/images/I/61PnHlc0HCL.__AC_SY445_SX342_QL70_FMwebp_.jpg,Only 4 left in stock - order soon
https://www.amazon.com/Apple-iPad-10-2-inch-Wi-Fi-32GB/dp/B08KWJW3DV/ref=sr_1_16?keywords=ipad+pro&qid=1694599337&sr=8-16,"Apple iPad (10.2-inch, Wi-Fi, 32GB) - Space Gray (Latest Model, 8thGEneration) (Renewed)","2,675 ratings",$239.00,4.6 out of 5 stars,https://m.media-amazon.com/images/I/71KlwCsb7nL.__AC_SX300_SY300_QL70_FMwebp_.jpg,Only 7 left in stock - order soon.
https://www.amazon.com/SGIN-Tablets-Quad-Core-Processor-Bluetooth/dp/B0CDQ4N21H/ref=sr_1_17?keywords=ipad+pro&qid=1694599339&sr=8-17,"SGIN Tablet 10.1 inch, Tablets with 2GB RAM 64GB ROM(TF 512GB), Android 12 Tablet with Quad-Core Processor, HD Touch Screen, 2MP + 5MP Camera, Bluetooth 4.2, GPS, WiFi, Type-C, 5000mAh",3 ratings,,4.3 out of 5 stars,https://m.media-amazon.com/images/I/71oxqBOewaL.__AC_SX300_SY300_QL70_FMwebp_.jpg,Currently unavailable
https://www.amazon.com/Apple-Wi-Fi-256GB-Silver-Renewed/dp/B09QXVQ9JK/ref=sr_1_18?keywords=ipad+pro&qid=1694599339&sr=8-18,"2021 Apple iPad (10.2-inch, Wi-Fi, 256GB) - Silver (Renewed)","1,267 ratings",$399.00,4.6 out of 5 stars,https://m.media-amazon.com/images/I/61p4lWfJk+L._AC_SY300_SX300_.jpg,Only 7 left in stock - order soon.
https://www.amazon.com/Stylus-Pen-iPad-10th-Generation/dp/B0BY7SMR4W/ref=sr_1_19?keywords=ipad+pro&qid=1694599339&sr=8-19,"Stylus Pen for iPad 9th&10th Generation - 10Mins Faster Charge Stylus for iPad Pencil, Pen for iPad Compatible with (2018-2023) iPad 6-10th Gen, iPad Air 3-5, iPad Mini 5/6, iPad Pro 11""/12.9""",591 ratings,,4.7 out of 5 stars,https://m.media-amazon.com/images/I/51tMAm7GnmL.__AC_SX300_SY300_QL70_FMwebp_.jpg,Currently unavailable
https://www.amazon.com/Fintie-SlimShell-Case-11-inch-Generation/dp/B08ZRW1XS8/ref=sr_1_20?keywords=ipad+pro&qid=1694599339&sr=8-20,"Fintie SlimShell Case for iPad Pro 11-inch (4th / 3rd Generation) 2022/2021 - Soft Flexible TPU Stand Back Cover with Pencil Holder, Also Fit iPad Pro 11"" 2nd / 1st Gen, Composition Book","2,580 ratings",,4.7 out of 5 stars,https://m.media-amazon.com/images/I/81-xJANbY7L.__AC_SX300_SY300_QL70_FMwebp_.jpg,Currently unavailable
https://www.amazon.com/Pack-Type-Earphones-Microphone%EF%BC%8CUSB-Headphones-Cancelling/dp/B0C58R1J7G/ref=sr_1_21?keywords=ipad+pro&qid=1694599339&sr=8-21,"2 Pack-Type C Earbuds Wired Earphones with Microphone，USB C Headphones Earbuds&Remote Control Noise Cancelling in-Ear Headset for iPad Pro,Pixel 7/6/6a/5/4,Galaxy S23/S22/S21/S20/Ultra Note 10/20",999 ratings,,4.6 out of 5 stars,https://m.media-amazon.com/images/I/614ldJATOgL.__AC_SX300_SY300_QL70_FMwebp_.jpg,Currently unavailable
https://www.amazon.com/Logitech-Combo-Touch-iPad-11-inch/dp/B0937Z63SR/ref=sr_1_22?keywords=ipad+pro&qid=1694599339&sr=8-22,"Logitech Combo Touch iPad Pro 11-inch (1st, 2nd, 3rd, 4th gen - 2018, 2020, 2021, 2022) Keyboard Case - Detachable Backlit Keyboard, Click-Anywhere Trackpad - Oxford Gray; USA Layout","1,831 ratings",,4.5 out of 5 stars,https://m.media-amazon.com/images/I/7157JTjtfFS.__AC_SX300_SY300_QL70_FMwebp_.jpg,Only 1 left in stock - order soon.
https://www.amazon.com/2019-Apple-iPad-10-5-inch-WiFi/dp/B0BFC2S2YP/ref=sr_1_23?keywords=ipad+pro&qid=1694599339&sr=8-23,"2019 Apple iPad Air (10.5-inch, WiFi, 64GB) - Gold (Renewed Premium)",17 ratings,$299.00,4.6 out of 5 stars,https://m.media-amazon.com/images/I/61tyw3LNwzL.__AC_SX300_SY300_QL70_FMwebp_.jpg,Only 5 left in stock - order soon.
https://www.amazon.com/ESR-Compatible-Generation-Detachable-Adjustable/dp/B09XHQYKK5/ref=sr_1_24?keywords=ipad+pro&qid=1694599339&sr=8-24,"ESR for iPad Pro 12.9 Case, iPad 12.9 Pro Folio Case (2022/2021, 6th/5th Generation) with Pencil Holder, Detachable Magnetic Cover, Vertical Stand, Rebound 360 Series, Black","1,744 ratings",,4.6 out of 5 stars,https://m.media-amazon.com/images/I/71aMs37mBML.__AC_SX300_SY300_QL70_FMwebp_.jpg,Only 2 left in stock - order soon
https://www.amazon.com/Apple-iPad-10-9-inch-Wi-Fi-256GB/dp/B08MDNM284/ref=sr_1_25?keywords=ipad+pro&qid=1694599339&sr=8-25,"Apple iPad Air (10.9-inch, Wi-Fi, 256GB) - Space Gray (Latest Model, 4th Generation) (Renewed)","2,217 ratings",,4.4 out of 5 stars,https://m.media-amazon.com/images/I/71I39NnxjXL.__AC_SX300_SY300_QL70_FMwebp_.jpg,Currently unavailable
https://www.amazon.com/Logitech-Combo-Touch-iPad-12-9-inch/dp/B0938C32PZ/ref=sr_1_26?keywords=ipad+pro&qid=1694599339&sr=8-26,"Logitech Combo Touch iPad Pro 12.9-inch (5th, 6th gen - 2021, 2022) Keyboard Case - Detachable Backlit Keyboard with Kickstand, Click-Anywhere Trackpad, Smart Connector - Oxford Gray; USA Layout","2,336 ratings",,4.4 out of 5 stars,https://m.media-amazon.com/images/I/71dmlPk0IyS.__AC_SX300_SY300_QL70_FMwebp_.jpg,Only 4 left in stock - order soon
https://www.amazon.com/XNMOA-Headphones-Microphone-Earphones-Compatible/dp/B0BLVQMHV1/ref=sr_1_27?keywords=ipad+pro&qid=1694599339&sr=8-27,"XNMOA Type C Wired Earbuds Headphones with Microphone,USB C Earphones with Volume Control&Support Call,Compatible with Samsung Galaxy S23 Ultra, S23+, iPad Pro MacBook,Most USB C Devices,White",100 ratings,,4.0 out of 5 stars,https://m.media-amazon.com/images/I/51uHZ1NtyZL.__AC_SX300_SY300_QL70_FMwebp_.jpg,Currently unavailable
https://www.amazon.com/Stylus-Generation-Compatible-2018-2023-Magnetic/dp/B0C2VLRGLF/ref=sr_1_28?keywords=ipad+pro&qid=1694599339&sr=8-28,"Stylus Pen for iPad,Ipad Pencil 2nd Generation,Apple Pencil,Smart Touch Switch,Compatible with(2018-2023) Magnetic iPad 6-10,iPad Mini 5/6,iPad Air 3-5,iPad Pro 11""/12.9""",157 ratings,,4.3 out of 5 stars,https://m.media-amazon.com/images/I/51GXozpONaL.__AC_SX300_SY300_QL70_FMwebp_.jpg,Currently unavailable
https://www.amazon.com/Apple-iPad-10-2-inch-Wi-Fi-32GB/dp/B08KWJW3DV/ref=sr_1_29?keywords=ipad+pro&qid=1694599339&sr=8-29,"Apple iPad (10.2-inch, Wi-Fi, 32GB) - Space Gray (Latest Model, 8thGEneration) (Renewed)","2,675 ratings",$239.00,4.6 out of 5 stars,https://m.media-amazon.com/images/I/71KlwCsb7nL.__AC_SX300_SY300_QL70_FMwebp_.jpg,Only 7 left in stock - order soon.
https://www.amazon.com/Pencil-Rejection-PERMARK-Compatible-2018-2022/dp/B09Y8X1NNG/ref=sr_1_30?keywords=ipad+pro&qid=1694599339&sr=8-30,"iPad Air Pencil with Palm Rejection, PERMARK Stylus Pen Compatible with (2018-2023) Apple iPad Pro (11/12.9 Inch),iPad Air 3rd/4th/5th Gen,iPad 6/7/8/9th Gen,iPad Mini 5/6th Gen (Purple)","1,029 ratings",,4.4 out of 5 stars,https://m.media-amazon.com/images/I/41Hpg-PFRSL.__AC_SX300_SY300_QL70_FMwebp_.jpg,Only 1 left in stock - order soon
https://www.amazon.com/2021-Apple-iPad-Mini-Wi-Fi/dp/B09G91LXFP/ref=sr_1_31?keywords=ipad+pro&qid=1694599339&sr=8-31,"Apple iPad Mini (6th Generation): with A15 Bionic chip, 8.3-inch Liquid Retina Display, 64GB, Wi-Fi 6, 12MP front/12MP Back Camera, Touch ID, All-Day Battery Life – Space Gray","8,090 ratings",,4.8 out of 5 stars,https://m.media-amazon.com/images/I/71ey-9D8yDL.__AC_SY445_SX342_QL70_FMwebp_.jpg,Only 7 left in stock - order soon
https://www.amazon.com/Apple-2022-10-9-inch-Wi-Fi-256GB/dp/B0BJLCX2Q2/ref=sr_1_32?keywords=ipad+pro&qid=1694599339&sr=8-32,"Apple iPad (10th Generation): with A14 Bionic chip, 10.9-inch Liquid Retina Display, 256GB, Wi-Fi 6, 12MP front/12MP Back Camera, Touch ID, All-Day Battery Life – Silver","5,609 ratings",,4.8 out of 5 stars,https://m.media-amazon.com/images/I/61goypdjAYL.__AC_SY445_SX342_QL70_FMwebp_.jpg,Currently unavailable
https://www.amazon.com/Apple-Tablet-128GB-Wi-Fi-Renewed/dp/B01KAKPD2E/ref=sr_1_33?keywords=ipad+pro&qid=1694599342&sr=8-33,"Apple iPad Pro Tablet (128GB, Wi-Fi, 9.7in) Gold (Renewed)",337 ratings,$219.00,4.4 out of 5 stars,https://m.media-amazon.com/images/I/91xk0o++tdL._AC_SY300_SX300_.jpg,Only 12 left in stock - order soon.
https://www.amazon.com/Charger-Apple-Tablet-Charging-Compatible/dp/B098XLG7Z3/ref=sr_1_34?keywords=ipad+pro&qid=1694599342&sr=8-34,"iPad Pro Charger, Apple Tablet Charger Type C USB C Fast Charger PD Wall Charger Plug Block & 6FT USB C to C Charging Cable Compatible with iPad Pro 12.9 2021/20/18, iPad Pro 11 Gen 3/2/1,iPad Air 4th",923 ratings,,4.5 out of 5 stars,https://m.media-amazon.com/images/I/3153T0+IUBL._SX342_SY445_.jpg,Currently unavailable
https://www.amazon.com/Apple-iPad-Pro-10-5-64GB/dp/B078D6S5PX/ref=sr_1_35?keywords=ipad+pro&qid=1694599342&sr=8-35,Apple iPad Pro 10.5in -64GB Wifi - 2017 Model - Gray (Renewed),"1,276 ratings",$229.00,4.6 out of 5 stars,https://m.media-amazon.com/images/I/71L+DGdHyWL._AC_SY300_SX300_.jpg,Currently unavailable
https://www.amazon.com/Apple-iPad-Pro-Cellular-Renewed/dp/B01JJBGRN4/ref=sr_1_36?keywords=ipad+pro&qid=1694599342&sr=8-36,"Apple iPad Pro (32GB, Wi-Fi + Cellular, Rose) 9.7in Tablet (Renewed)",153 ratings,$209.00,4.2 out of 5 stars,https://m.media-amazon.com/images/I/91e9gaqsSeL.__AC_SX300_SY300_QL70_FMwebp_.jpg,Only 16 left in stock - order soon.
https://www.amazon.com/Apple-11-inch-Wi-Fi-Cellular-128GB/dp/B0BTRLY3PY/ref=sr_1_37?keywords=ipad+pro&qid=1694599342&sr=8-37,"2022 Apple iPad Pro (11-inch, Wi-Fi + Cellular, 128GB) - Silver (Renewed)",14 ratings,$934.00,4.3 out of 5 stars,https://m.media-amazon.com/images/I/81S05k6p0xL.__AC_SX300_SY300_QL70_FMwebp_.jpg,Only 12 left in stock - order soon.
https://www.amazon.com/Apple-iPad-Space-Gray-Refurbished/dp/B00TREI0F2/ref=sr_1_38?keywords=ipad+pro&qid=1694599342&sr=8-38,"Apple iPad Air 2, 64 GB, Space Gray (Renewed)","4,976 ratings",$143.12,4.4 out of 5 stars,https://m.media-amazon.com/images/I/71AfLgrG19L.__AC_SX300_SY300_QL70_FMwebp_.jpg,Only 2 left in stock - order soon.
https://www.amazon.com/Microsoft-Lightweight-Processor-Multi-Tasking-Platinum/dp/B0B9Q2ZB5T/ref=sr_1_39?keywords=ipad+pro&qid=1694599342&sr=8-39,"Microsoft Surface Pro 9 (2022), 13"" 2-in-1 Tablet & Laptop, Thin & Lightweight, Intel 12th Gen i5 Fast Processor for Multi-Tasking, 8GB RAM, 256GB Storage with Windows 11, Platinum",433 ratings,,4.4 out of 5 stars,https://m.media-amazon.com/images/I/51iazuN-+TL._AC_SY300_SX300_.jpg,Only 1 left in stock - order soon
https://www.amazon.com/SAMSUNG-Android-Included-Connectivity-SM-T733NLGFXAR/dp/B09971JCM3/ref=sr_1_40?keywords=ipad+pro&qid=1694599342&sr=8-40,"SAMSUNG Galaxy Tab S7 FE 12.4” 256GB WiFi Android Tablet, Large Screen, S Pen Included, Multi Device Connectivity, Long Lasting Battery, US Version, 2021, Mystic Green","5,707 ratings",,4.7 out of 5 stars,https://m.media-amazon.com/images/I/91kBKFvBKhS.__AC_SY300_SX300_QL70_FMwebp_.jpg,Only 12 left in stock - order soon
https://www.amazon.com/2017-iPad-32GB-Wi-Fi-Cellular/dp/B078J5RGN4/ref=sr_1_41?keywords=ipad+pro&qid=1694599342&sr=8-41,"2017 Apple iPad (9.7 -inch, Wi-Fi + Cellular, 32GB)- Silver (Renewed","2,682 ratings",$159.00,4.5 out of 5 stars,https://m.media-amazon.com/images/I/61SJ+boKIbL._AC_SY300_SX300_.jpg,Only 2 left in stock - order soon.
https://www.amazon.com/Apple-Tablet-256GB-Wi-FI-Refurbished/dp/B01KAKS84E/ref=sr_1_42?keywords=ipad+pro&qid=1694599342&sr=8-42,"Apple iPad Pro 12.9in Tablet (256GB Wi-FI, Space Gray)(Renewed)","1,635 ratings",$532.00,4.3 out of 5 stars,https://m.media-amazon.com/images/I/61GO97DP3VL.__AC_SY300_SX300_QL70_FMwebp_.jpg,Currently unavailable
https://www.amazon.com/2022-Apple-iPad-10-9-inch-Wi-Fi/dp/B0BTR8W14K/ref=sr_1_43?keywords=ipad+pro&qid=1694599342&sr=8-43,"2022 Apple iPad (10.9-inch, Wi-Fi, 64GB) - Silver (Renewed)",139 ratings,$396.99,4.5 out of 5 stars,https://m.media-amazon.com/images/I/61goypdjAYL.__AC_SX300_SY300_QL70_FMwebp_.jpg,Currently unavailable
https://www.amazon.com/Logitech-Combo-Touch-iPad-11-inch/dp/B0937Z63SR/ref=sr_1_44?keywords=ipad+pro&qid=1694599342&sr=8-44,"Logitech Combo Touch iPad Pro 11-inch (1st, 2nd, 3rd, 4th gen - 2018, 2020, 2021, 2022) Keyboard Case - Detachable Backlit Keyboard, Click-Anywhere Trackpad - Oxford Gray; USA Layout","1,831 ratings",,4.5 out of 5 stars,https://m.media-amazon.com/images/I/7157JTjtfFS.__AC_SX300_SY300_QL70_FMwebp_.jpg,Only 1 left in stock - order soon.
https://www.amazon.com/Apple-2022-10-9-inch-Wi-Fi-256GB/dp/B0BJLCX2Q2/ref=sr_1_45?keywords=ipad+pro&qid=1694599342&sr=8-45,"Apple iPad (10th Generation): with A14 Bionic chip, 10.9-inch Liquid Retina Display, 256GB, Wi-Fi 6, 12MP front/12MP Back Camera, Touch ID, All-Day Battery Life – Silver","5,609 ratings",,4.8 out of 5 stars,https://m.media-amazon.com/images/I/61goypdjAYL.__AC_SY445_SX342_QL70_FMwebp_.jpg,Currently unavailable
https://www.amazon.com/2017-Apple-iPad-9-7-inch-Wi-Fi/dp/B074PWW6NS/ref=sr_1_46?keywords=ipad+pro&qid=1694599342&sr=8-46,"2017 Apple iPad (9.7-inch, Wi-Fi, 32GB) - Space Gray (Renewed)","10,685 ratings",$143.00,4.6 out of 5 stars,https://m.media-amazon.com/images/I/51dBcW+NXPL._AC_SY300_SX300_.jpg,Only 1 left in stock - order soon.
https://www.amazon.com/Apple-iPad-Pro-12-9in-Gen/dp/B0BFC578CR/ref=sr_1_47?keywords=ipad+pro&qid=1694599342&sr=8-47,Apple iPad Pro 12.9in (5th Gen.) - 512GB - WiFi - Silver (Renewed Premium),,$949.99,,https://m.media-amazon.com/images/I/514bS4zwEwL.__AC_SX300_SY300_QL70_FMwebp_.jpg,Only 5 left in stock - order soon.
https://www.amazon.com/iPad-Pro-11in-3nd-Gen/dp/B0BGNY4SF8/ref=sr_1_48?keywords=ipad+pro&qid=1694599342&sr=8-48,iPad Pro 11in (3nd Gen.) - 256GB - WiFi - Space Gray (Renewed Premium),6 ratings,$749.00,3.5 out of 5 stars,https://m.media-amazon.com/images/I/81rBUAM2NpL.__AC_SX300_SY300_QL70_FMwebp_.jpg,Only 1 left in stock - order soon.
https://www.amazon.com/Apple-Wi-Fi-Space-Tablet-Refurbished/dp/B01C131J58/ref=sr_1_49?keywords=ipad+pro&qid=1694599344&sr=8-49,"Apple iPad Pro (32GB, Wi-Fi, Space Gray) 12.9in Tablet (Renewed)",403 ratings,$349.00,4.2 out of 5 stars,https://m.media-amazon.com/images/I/91X91LF4xxL.__AC_SX300_SY300_QL70_FMwebp_.jpg,Only 4 left in stock - order soon.
https://www.amazon.com/iPad-Pro-11in-3nd-Gen/dp/B0BGNY4SF8/ref=sr_1_50?keywords=ipad+pro&qid=1694599344&sr=8-50,iPad Pro 11in (3nd Gen.) - 256GB - WiFi - Space Gray (Renewed Premium),6 ratings,$749.00,3.5 out of 5 stars,https://m.media-amazon.com/images/I/81rBUAM2NpL.__AC_SX300_SY300_QL70_FMwebp_.jpg,Only 1 left in stock - order soon.
https://www.amazon.com/Apple-iPad-Pro-12-9in-Gen/dp/B0BFC6FDX7/ref=sr_1_51?keywords=ipad+pro&qid=1694599344&sr=8-51,Apple iPad Pro 12.9in (5th Gen.) - 1TB - WiFi + Cellular - Silver (Renewed Premium),,"$1,050.00",,https://m.media-amazon.com/images/I/81J5bpGahqS.__AC_SX300_SY300_QL70_FMwebp_.jpg,Only 1 left in stock - order soon.
https://www.amazon.com/Android-Octa-Core-Processor-Storage-Bluetooth/dp/B08YJYC4WN/ref=sr_1_52?keywords=ipad+pro&qid=1694599344&sr=8-52,"Tablet 10.1 inch Android 12 Tablet 2023 Latest Update Octa-Core Processor with 64GB Storage, Dual 13MP+5MP Camera, WiFi, Bluetooth, GPS, 512GB Expand Support, IPS Full HD Display (Black)","2,157 ratings",,4.2 out of 5 stars,https://m.media-amazon.com/images/I/71Mt4JAZQtL.__AC_SX300_SY300_QL70_FMwebp_.jpg,Only 1 left in stock - order soon
https://www.amazon.com/Amazon-tablet-release-Housekeeping-Intergalactic/dp/B0BLC62KB5/ref=sr_1_53?keywords=ipad+pro&qid=1694599344&sr=8-53,"Amazon Fire HD 10 Kids Pro tablet, 10.1"", 1080p Full HD, ages 6–12, 32 GB, (2021 release), named ""Best Tablet for Big Kids"" by Good Housekeeping, Intergalactic","14,497 ratings",,4.7 out of 5 stars,https://m.media-amazon.com/images/I/71h3WD4NL0S._AC_SY300_SX300_.jpg,Currently unavailable
https://www.amazon.com/Headphones-Microphone-Cancelling-Compatible-Smartphone/dp/B0B3D5D1DT/ref=sr_1_54?keywords=ipad+pro&qid=1694599344&sr=8-54,"2 Pack USB C Headphones, In-Ear Earbuds with Microphone & Remote Control Noise Cancelling Wired Type C Earphones, Compatible with Android Smartphone Galaxy S20/Note 20/Pixel 5, iPad Pro 2020",408 ratings,,3.9 out of 5 stars,https://m.media-amazon.com/images/I/61hBHl3YA6L.__AC_SX300_SY300_QL70_FMwebp_.jpg,Only 1 left in stock - order soon
https://www.amazon.com/Apple-Wi-Fi-Cellular-Model-Refurbished/dp/B078YDN8DW/ref=sr_1_55?keywords=ipad+pro&qid=1694599344&sr=8-55,"Apple iPad Pro 2nd 12.9in with ( Wi-Fi + Cellular ) 2017 Model, 64GB, SPACE GRAY (Renewed)","1,864 ratings",$343.24,4.4 out of 5 stars,https://m.media-amazon.com/images/I/61EE8pUCpDL.__AC_SX300_SY300_QL70_FMwebp_.jpg,Only 1 left in stock - order soon.
https://www.amazon.com/Apple-10-9-inch-Wi-Fi-Cellular-256GB/dp/B08N6T81FB/ref=sr_1_56?keywords=ipad+pro&qid=1694599344&sr=8-56,"Apple iPad Air (10.9-inch, Wi-Fi + Cellular, 256GB) - Space Gray (Latest Model, 4th Generation) (Renewed)",46 ratings,$523.00,4.3 out of 5 stars,https://m.media-amazon.com/images/I/61COdmZ8vgL.__AC_SX300_SY300_QL70_FMwebp_.jpg,Only 5 left in stock - order soon.
https://www.amazon.com/Apple-iPad-Pro-12-9in-Gen/dp/B0BFC4JBSZ/ref=sr_1_57?keywords=ipad+pro&qid=1694599344&sr=8-57,Apple iPad Pro 12.9in (5th Gen.) - 128GB - WiFi + Cellular - Space Gray (Renewed Premium),2 ratings,$949.00,5.0 out of 5 stars,https://m.media-amazon.com/images/I/81sxRBhe2sS.__AC_SX300_SY300_QL70_FMwebp_.jpg,Currently unavailable
https://www.amazon.com/Apple-iPad-Wi-Fi-Cellular-Space/dp/B078X29963/ref=sr_1_58?keywords=ipad+pro&qid=1694599344&sr=8-58,"Apple iPad Pro (128 GB, Wi-Fi + Cellular, Space Gray) - 12.9-inch Display (Renewed)",98 ratings,$399.00,3.8 out of 5 stars,https://m.media-amazon.com/images/I/61EE8pUCpDL.__AC_SX300_SY300_QL70_FMwebp_.jpg,Currently unavailable
https://www.amazon.com/Apple-iPad-Pro-Tablet-Renewed/dp/B01KAKPWGQ/ref=sr_1_59?keywords=ipad+pro&qid=1694599344&sr=8-59,"Apple iPad Pro Tablet (128GB, Wi-Fi, 9.7in) Silver (Renewed)",521 ratings,$204.00,4.5 out of 5 stars,https://m.media-amazon.com/images/I/91xKRosDu2L.__AC_SX300_SY300_QL70_FMwebp_.jpg,Only 1 left in stock - order soon.
https://www.amazon.com/2021-Apple-11-inch-iPad-Wi%E2%80%91Fi/dp/B09326YKNZ/ref=sr_1_60?keywords=ipad+pro&qid=1694599344&sr=8-60,"Apple 2021 11-inch iPad Pro (Wi‑Fi, 2TB) - Silver","7,023 ratings",,4.8 out of 5 stars,https://m.media-amazon.com/images/I/81MF389-9gS.__AC_SY445_SX342_QL70_FMwebp_.jpg,Only 9 left in stock - order soon
https://www.amazon.com/iCarez-Updated-Anti-Glare-Protector-Compatible/dp/B07GZMMYHT/ref=sr_1_61?keywords=ipad+pro&qid=1694599344&sr=8-61,iCarez Anti-Glare Matte Screen Protector for Apple iPad Air 4/5 Gen (10.9-inch 2022/2020) iPad Pro 11 Inch (2022/2021/2020/2018) [2-Pack] Easy to Install (Compatible with Face ID and Apple Pencil),"7,180 ratings",,4.4 out of 5 stars,https://m.media-amazon.com/images/I/81-3lIksX4L.__AC_SX300_SY300_QL70_FMwebp_.jpg,Currently unavailable
https://www.amazon.com/Apple-Tablet-128GB-Wi-Fi-Renewed/dp/B01KAKPRNO/ref=sr_1_62?keywords=ipad+pro&qid=1694599344&sr=8-62,"Apple iPad Pro Tablet (128GB, Wi-Fi, 9.7in) Rose (Renewed)",722 ratings,$229.00,4.3 out of 5 stars,https://m.media-amazon.com/images/I/91QlrgIeLOL.__AC_SX300_SY300_QL70_FMwebp_.jpg,Only 1 left in stock - order soon.
https://www.amazon.com/Apple-Generation-10-2-inch-Wi-Fi-Cellular/dp/B08LQYTF1D/ref=sr_1_63?keywords=ipad+pro&qid=1694599344&sr=8-63,"2020 Apple iPad 8th Generation (10.2-inch, Wi-Fi + Cellular, 32 GB) - Space Gray (Renewed)","2,675 ratings",$489.00,4.6 out of 5 stars,https://m.media-amazon.com/images/I/71J+y79YnCL._AC_SY300_SX300_.jpg,Only 6 left in stock - order soon.
https://www.amazon.com/2022-Apple-iPad-10-9-inch-Wi-Fi/dp/B0BTR8W14K/ref=sr_1_64?keywords=ipad+pro&qid=1694599344&sr=8-64,"2022 Apple iPad (10.9-inch, Wi-Fi, 64GB) - Silver (Renewed)",139 ratings,$396.99,4.5 out of 5 stars,https://m.media-amazon.com/images/I/61goypdjAYL.__AC_SX300_SY300_QL70_FMwebp_.jpg,Currently unavailable
https://www.amazon.comhttps://aax-us-iad.amazon.com/x/c/RPErru_SinyxkCV4ivD-xc4AAAGKjf3zRQEAAAH2AQBvbm9fdHhuX2JpZDMgICBvbm9fdHhuX2ltcDEgICCDIknf/https://www.amazon.com/Apple-Generation-Cancelling-Transparency-Personalized/dp/B0BDHWDR12/ref=sxbs_sbv_search_btf?content-id=amzn1.sym.563f7ac3-7aa9-48e0-841e-f45bb2322eae%3Aamzn1.sym.563f7ac3-7aa9-48e0-841e-f45bb2322eae&cv_ct_cx=ipad+pro&keywords=ipad+pro&pd_rd_i=B0BDHWDR12&pd_rd_r=235a5171-eb86-4982-98f9-a099f5c34421&pd_rd_w=2U5t4&pd_rd_wg=agYrg&pf_rd_p=563f7ac3-7aa9-48e0-841e-f45bb2322eae&pf_rd_r=YZ9VQSW9Q6QJ9K78KCK5&qid=1694599344&sbo=RZvfv%2F%2FHxDF%2BO5021pAnSA%3D%3D&sr=1-49-48f7baba-8e26-45f3-8811-e1a601ad20bf,,,,,,
https://www.amazon.com/2019-Apple-iPad-10-5-inch-WiFi/dp/B0BFC2S2YP/ref=sr_1_65?keywords=ipad+pro&qid=1694599362&sr=8-65,"2019 Apple iPad Air (10.5-inch, WiFi, 64GB) - Gold (Renewed Premium)",17 ratings,$299.00,4.6 out of 5 stars,https://m.media-amazon.com/images/I/61tyw3LNwzL.__AC_SX300_SY300_QL70_FMwebp_.jpg,Only 5 left in stock - order soon.
https://www.amazon.com/Apple-iPad-Pro-32GB-Renewed/dp/B06XHRBXH5/ref=sr_1_66?keywords=ipad+pro&qid=1694599362&sr=8-66,"Apple iPad Pro Tablet (32GB, Wi-Fi, 9.7in) Gold (Renewed)",273 ratings,$183.00,4.3 out of 5 stars,https://m.media-amazon.com/images/I/91xk0o++tdL._AC_SY300_SX300_.jpg,Only 1 left in stock - order soon.
https://www.amazon.com/Apple-iPad-Pro-12-9in-Gen/dp/B0BFC47SYN/ref=sr_1_67?keywords=ipad+pro&qid=1694599362&sr=8-67,Apple iPad Pro 12.9in (5th Gen.) - 256GB - WiFi - Space Gray (Renewed Premium),10 ratings,$849.00,3.2 out of 5 stars,https://m.media-amazon.com/images/I/81nmWyBkKhL.__AC_SX300_SY300_QL70_FMwebp_.jpg,Only 1 left in stock - order soon.
https://www.amazon.com/Apple-256GB-Wi-Fi-Space-Refurbished/dp/B07K2HGL9C/ref=sr_1_68?keywords=ipad+pro&qid=1694599362&sr=8-68,"Mid 2017 Apple 10.5 inches iPad Pro (256GB, Wi-Fi + 4G LTE, Space Gray) (Renewed)",198 ratings,$283.00,4.3 out of 5 stars,https://m.media-amazon.com/images/I/514CNHVs7NL.__AC_SX300_SY300_QL70_FMwebp_.jpg,Only 1 left in stock - order soon.
https://www.amazon.com/Apple-iPad-Pro-12-9in-Gen/dp/B0BFC578CR/ref=sr_1_69?keywords=ipad+pro&qid=1694599362&sr=8-69,Apple iPad Pro 12.9in (5th Gen.) - 512GB - WiFi - Silver (Renewed Premium),,$949.99,,https://m.media-amazon.com/images/I/514bS4zwEwL.__AC_SX300_SY300_QL70_FMwebp_.jpg,Only 5 left in stock - order soon.
https://www.amazon.com/APPLE-MP6G2LL-Wi-Fi-256GB-Refurbished/dp/B078PQ9KVL/ref=sr_1_70?keywords=ipad+pro&qid=1694599362&sr=8-70,"APPLE MP6G2LL/A iPad Pro with Wi-Fi 256GB, 12.9in, Space Grey (Renewed)",8 ratings,$499.00,4.2 out of 5 stars,https://m.media-amazon.com/images/I/71MhUZFdqNL.__AC_SX300_SY300_QL70_FMwebp_.jpg,Only 7 left in stock - order soon.
https://www.amazon.com/Apple-Wi-Fi-Model-256GB-Refurbished/dp/B078J2DMSW/ref=sr_1_71?keywords=ipad+pro&qid=1694599362&sr=8-71,"Apple iPad Pro 2nd 12.9in with Wi-Fi 2017 Model, 256GB, Grey (Renewed)","1,864 ratings",$394.73,4.4 out of 5 stars,https://m.media-amazon.com/images/I/81+mHn-2JPL._AC_SY300_SX300_.jpg,Currently unavailable
https://www.amazon.com/BongBingBoo-Adjustable-Tablet-Magnetic-Generation/dp/B09BVW8ZWS/ref=sr_1_72?keywords=ipad+pro&qid=1694599362&sr=8-72,"BongBingBoo iPad Pro Stand, Adjustable Tablet Holder Magnetic Cradle Mount Dock for Apple iPad Pro 12.9'' 3rd/4th/5th/6th Generation - Gray",514 ratings,,4.4 out of 5 stars,https://m.media-amazon.com/images/I/81s71fkfyOL.__AC_SY300_SX300_QL70_FMwebp_.jpg,Only 5 left in stock - order soon
https://www.amazon.com/Apple-iPad-Pro-11in-Gen/dp/B0BGMRL21K/ref=sr_1_73?keywords=ipad+pro&qid=1694599362&sr=8-73,Apple iPad Pro 11in (3nd Gen.) - 128GB - WiFi - Silver (Renewed Premium),4 ratings,$649.00,3.0 out of 5 stars,https://m.media-amazon.com/images/I/81slrALf2uS.__AC_SX300_SY300_QL70_FMwebp_.jpg,Only 8 left in stock - order soon.
https://www.amazon.com/Apple-iPad-128GB-Rose-Gold/dp/B06XK87259/ref=sr_1_74?keywords=ipad+pro&qid=1694599362&sr=8-74,"Apple iPad Pro Tablet (128GB, LTE, 9.7in) Rose Gold (Renewed)",133 ratings,$254.00,4.2 out of 5 stars,https://m.media-amazon.com/images/I/61bPIWUuIEL.__AC_SX300_SY300_QL70_FMwebp_.jpg,Only 1 left in stock - order soon.
https://www.amazon.com/Apple-iPad-10-2-Inch-Wi-Fi-32GB/dp/B083C567C3/ref=sr_1_75?keywords=ipad+pro&qid=1694599362&sr=8-75,"2019 Apple iPad 7th Gen (10.2 inch, Wi-Fi, 32GB) Silver (Renewed)","6,410 ratings",$196.66,4.5 out of 5 stars,https://m.media-amazon.com/images/I/61gI3LyZ8yL.__AC_SX300_SY300_QL70_FMwebp_.jpg,Only 2 left in stock - order soon.
https://www.amazon.com/Xiaomi-Pad-Version-Bluetooth-Speakers/dp/B0C8PRJMF9/ref=sr_1_76?keywords=ipad+pro&qid=1694599362&sr=8-76,"Xiaomi Pad 6 WiFi Version 11 inches 144Hz 8840mAh Bluetooth 5.2 Four Speakers Dolby Atmos 13 Mp Camera + Fast Car 51W Charger Bundle (Gravity Gray, 256GB + 8GB)",12 ratings,,4.9 out of 5 stars,https://m.media-amazon.com/images/I/51lPQ-hC4kL.__AC_SX300_SY300_QL70_FMwebp_.jpg,Only 11 left in stock - order soon
https://www.amazon.com/Apple-iPad-10-5-Wi-Fi-Cellular/dp/B078YDG5HJ/ref=sr_1_77?keywords=ipad+pro&qid=1694599362&sr=8-77,"Apple iPad Pro 10.5in with ( Wi-Fi + Cellular ) - 64GB, Space Gray (Renewed)",327 ratings,$254.00,4.4 out of 5 stars,https://m.media-amazon.com/images/I/81u2vx22J0L.__AC_SX300_SY300_QL70_FMwebp_.jpg,Only 3 left in stock - order soon.
https://www.amazon.com/Apple-2021-iPad-10-2-Wi-Fi/dp/B0C21T1P58/ref=sr_1_78?keywords=ipad+pro&qid=1694599362&sr=8-78,"Apple 2021 iPad (10.2 inch, Wi-Fi, 64GB) - Space Gray (Reed Premium) MK2K3LL/A",15 ratings,$329.00,4.4 out of 5 stars,https://m.media-amazon.com/images/I/51mV0IWAZwL.__AC_SX300_SY300_QL70_FMwebp_.jpg,Currently unavailable
https://www.amazon.com/Apple-iPad-Air-Unlocked-Renewed/dp/B078JQ9JQH/ref=sr_1_79?keywords=ipad+pro&qid=1694599362&sr=8-79,Apple iPad Air 2 a1567 16GB Gold Tablet WiFi + 4G Unlocked GSM/CDMA (Renewed),143 ratings,$143.96,4.2 out of 5 stars,https://m.media-amazon.com/images/I/61bwT6E61-L.__AC_SY300_SX300_QL70_FMwebp_.jpg,Only 3 left in stock - order soon.
https://www.amazon.com/9-7-inch-128GB-Wi-Fi-Model-Refurbished/dp/B01NAEJDIO/ref=sr_1_80?keywords=ipad+pro&qid=1694599362&sr=8-80,"iPad Pro 9.7-inch (128GB, Wi-Fi, Rose Gold) 2016 Model (Renewed)",23 ratings,$224.42,4.7 out of 5 stars,https://m.media-amazon.com/images/I/61XOo4Ud5iL.__AC_SY300_SX300_QL70_FMwebp_.jpg,Only 4 left in stock - order soon.
https://www.amazon.comhttps://aax-us-iad.amazon.com/x/c/RHUjHuoJ-s_i9OEI-7iTNNAAAAGKjf43ngEAAAH2AQBvbm9fdHhuX2JpZDEgICBvbm9fdHhuX2ltcDEgICAT8wut/https://www.amazon.com/Apple-Generation-Cancelling-Transparency-Personalized/dp/B0BDHWDR12/ref=sxbs_sbv_search_btf?content-id=amzn1.sym.563f7ac3-7aa9-48e0-841e-f45bb2322eae%3Aamzn1.sym.563f7ac3-7aa9-48e0-841e-f45bb2322eae&cv_ct_cx=ipad+pro&keywords=ipad+pro&pd_rd_i=B0BDHWDR12&pd_rd_r=84cfe0c2-2cea-4442-bbc8-8f7a9f147e4b&pd_rd_w=S6pou&pd_rd_wg=gmULK&pf_rd_p=563f7ac3-7aa9-48e0-841e-f45bb2322eae&pf_rd_r=3K9CASQEW9147C01ZFT7&qid=1694599362&sbo=RZvfv%2F%2FHxDF%2BO5021pAnSA%3D%3D&sr=1-65-48f7baba-8e26-45f3-8811-e1a601ad20bf,,,,,,
https://www.amazon.com/iPad-Pro-11in-3nd-Gen/dp/B0BGNX2HT7/ref=sr_1_81?keywords=ipad+pro&qid=1694599365&sr=8-81,iPad Pro 11in (3nd Gen.) - 2TB - WiFi - Space Gray (Renewed Premium),,$929.00,,https://m.media-amazon.com/images/I/81XfNvIQBXS.__AC_SX300_SY300_QL70_FMwebp_.jpg,Only 4 left in stock - order soon.
https://www.amazon.com/Apple-iPad-Pro-12-9in-Gen/dp/B0BFC3LWPD/ref=sr_1_82?keywords=ipad+pro&qid=1694599365&sr=8-82,Apple iPad Pro 12.9in (5th Gen.) - 1TB - WiFi + Cellular - Space Gray (Renewed Premium),,"$1,099.00",,https://m.media-amazon.com/images/I/81sxRBhe2sS.__AC_SX300_SY300_QL70_FMwebp_.jpg,Only 1 left in stock - order soon.
https://www.amazon.com/Apple-MPHH2LL-Cellular-Silver-Refurbished/dp/B07JZVGPRZ/ref=sr_1_83?keywords=ipad+pro&qid=1694599365&sr=8-83,"Apple MPHH2LL/A iPad Pro with Wi-Fi + Cellular 256GB, 10.5 inches, Silver (Renewed)",12 ratings,$375.00,4.1 out of 5 stars,https://m.media-amazon.com/images/I/51p0wv3L4mL.__AC_SX300_SY300_QL70_FMwebp_.jpg,Only 2 left in stock - order soon.
https://www.amazon.com/Apple-iPad-10-5-64GB-Refurbished/dp/B0792M47V3/ref=sr_1_84?keywords=ipad+pro&qid=1694599365&sr=8-84,Apple iPad Pro 10.5in 64GB WiFi Rose Gold (2017) (Renewed),343 ratings,$779.00,4.4 out of 5 stars,https://m.media-amazon.com/images/I/71isZlb70HL.__AC_SX300_SY300_QL70_FMwebp_.jpg,Only 4 left in stock - order soon.
https://www.amazon.com/Logitech-Combo-Touch-iPad-12-9-inch/dp/B0938C32PZ/ref=sr_1_85?keywords=ipad+pro&qid=1694599365&sr=8-85,"Logitech Combo Touch iPad Pro 12.9-inch (5th, 6th gen - 2021, 2022) Keyboard Case - Detachable Backlit Keyboard with Kickstand, Click-Anywhere Trackpad, Smart Connector - Oxford Gray; USA Layout","2,336 ratings",,4.4 out of 5 stars,https://m.media-amazon.com/images/I/71dmlPk0IyS.__AC_SX300_SY300_QL70_FMwebp_.jpg,Only 4 left in stock - order soon
https://www.amazon.com/Apple-2021-11-inch-iPad-Pro-Wi-Fi/dp/B0B8G7SM4Z/ref=sr_1_86?keywords=ipad+pro&qid=1694599365&sr=8-86,"Apple 2021 11-inch iPad Pro (Wi-Fi, 1TB) - Silver with AppleCare+ (2 Years)",6 ratings,"$1,628.99",5.0 out of 5 stars,https://m.media-amazon.com/images/I/71TUZPsvieL.__AC_SY445_SX342_QL70_FMwebp_.jpg,Currently unavailable
https://www.amazon.com/Headphones-APETOO-Earbuds-Earphones-Carrying/dp/B0967CVTKB/ref=sr_1_87?keywords=ipad+pro&qid=1694599365&sr=8-87,"USB C Headphones for iPad Pro,USB Type C Earphones HiFi Stereo USB C Wired Earbuds with Microphone Volume Control for Samsung S23 Ultra S22 S21 Note20 A54 A53 Z Flip Fold,Pixel 7 6 6a 5 4,OnePlus 10 9","1,818 ratings",,4.4 out of 5 stars,https://m.media-amazon.com/images/I/61RE5J9gHBS.__AC_SX300_SY300_QL70_FMwebp_.jpg,Currently unavailable
https://www.amazon.com/Apple-iPad-10-5-Wi-Fi-Cellular/dp/B078YF3G4R/ref=sr_1_88?keywords=ipad+pro&qid=1694599365&sr=8-88,"Apple iPad Pro 10.5in with ( Wi-Fi + Cellular ) - 64GB, Rose Gold (Renewed)",133 ratings,$249.00,4.2 out of 5 stars,https://m.media-amazon.com/images/I/61WMVF9bLiL.__AC_SY300_SX300_QL70_FMwebp_.jpg,Only 1 left in stock - order soon.
https://www.amazon.com/Pencil-Rejection-PERMARK-Compatible-2018-2022/dp/B09Y8X1NNG/ref=sr_1_89?keywords=ipad+pro&qid=1694599365&sr=8-89,"iPad Air Pencil with Palm Rejection, PERMARK Stylus Pen Compatible with (2018-2023) Apple iPad Pro (11/12.9 Inch),iPad Air 3rd/4th/5th Gen,iPad 6/7/8/9th Gen,iPad Mini 5/6th Gen (Purple)","1,029 ratings",,4.4 out of 5 stars,https://m.media-amazon.com/images/I/41Hpg-PFRSL.__AC_SX300_SY300_QL70_FMwebp_.jpg,Only 1 left in stock - order soon
https://www.amazon.com/Apple-iPad-Pro-12-9in-Gen/dp/B0BFC2K73J/ref=sr_1_90?keywords=ipad+pro&qid=1694599365&sr=8-90,Apple iPad Pro 12.9in (5th Gen.) - 512GB - WiFi + Cellular - Space Gray (Renewed Premium),,"$1,049.00",,https://m.media-amazon.com/images/I/81sxRBhe2sS.__AC_SX300_SY300_QL70_FMwebp_.jpg,Currently unavailable
https://www.amazon.com/Android-Octa-Core-Processor-Storage-Bluetooth/dp/B08YJYC4WN/ref=sr_1_91?keywords=ipad+pro&qid=1694599365&sr=8-91,"Tablet 10.1 inch Android 12 Tablet 2023 Latest Update Octa-Core Processor with 64GB Storage, Dual 13MP+5MP Camera, WiFi, Bluetooth, GPS, 512GB Expand Support, IPS Full HD Display (Black)","2,157 ratings",,4.2 out of 5 stars,https://m.media-amazon.com/images/I/71Mt4JAZQtL.__AC_SX300_SY300_QL70_FMwebp_.jpg,Only 1 left in stock - order soon
https://www.amazon.com/Apple-iPad-10-5-Wi-Fi-Cellular/dp/B078YDDSMK/ref=sr_1_92?keywords=ipad+pro&qid=1694599365&sr=8-92,"2017 Apple iPad Pro (10.5-inch, Wi-Fi + Cellular, 64GB) - Silver (Renewed)",94 ratings,$239.00,4.3 out of 5 stars,https://m.media-amazon.com/images/I/91oqJL8OufL.__AC_SX300_SY300_QL70_FMwebp_.jpg,Only 1 left in stock - order soon.
https://www.amazon.com/Apple-Space-Newest-Version-Renewed/dp/B00TREI0D4/ref=sr_1_93?keywords=ipad+pro&qid=1694599365&sr=8-93,"Apple iPad Air 2, 16 GB, Space Gray (Renewed)","3,298 ratings",$125.33,4.3 out of 5 stars,https://m.media-amazon.com/images/I/61ufQeEma5L.__AC_SY300_SX300_QL70_FMwebp_.jpg,Only 15 left in stock - order soon.
https://www.amazon.com/iPad-Pro-11in-3nd-Gen/dp/B0BGN9MWS5/ref=sr_1_94?keywords=ipad+pro&qid=1694599365&sr=8-94,iPad Pro 11in (3nd Gen.) - 1TB - Wi-Fi+5G - Space Gray (Renewed Premium),1 rating,$839.99,5.0 out of 5 stars,https://m.media-amazon.com/images/I/817ASgABwHS.__AC_SX300_SY300_QL70_FMwebp_.jpg,Only 2 left in stock - order soon.
https://www.amazon.com/Apple-iPad-Space-Gray-Refurbished/dp/B00TREI098/ref=sr_1_95?keywords=ipad+pro&qid=1694599365&sr=8-95,"Apple iPad Air 2, 128 GB, Space Gray, (Renewed)","1,216 ratings",$169.99,4.4 out of 5 stars,https://m.media-amazon.com/images/I/61wDxPfqfJL.__AC_SX300_SY300_QL70_FMwebp_.jpg,Only 8 left in stock - order soon.
https://www.amazon.com/Apple-iPad-10-2-inch-Wi-Fi-32GB/dp/B08J5Q255V/ref=sr_1_96?keywords=ipad+pro&qid=1694599365&sr=8-96,"Apple 2020 iPad (10.2-inch, Wi-Fi, 32GB) - Silver (8th Generation)","64,123 ratings",,4.9 out of 5 stars,https://m.media-amazon.com/images/I/71bIv4CMRCL.__AC_SY445_SX342_QL70_FMwebp_.jpg,Currently unavailable
https://www.amazon.com/Headphones-APETOO-Earbuds-Earphones-Carrying/dp/B0967CVTKB/ref=sr_1_97?keywords=ipad+pro&qid=1694599369&sr=8-97,"USB C Headphones for iPad Pro,USB Type C Earphones HiFi Stereo USB C Wired Earbuds with Microphone Volume Control for Samsung S23 Ultra S22 S21 Note20 A54 A53 Z Flip Fold,Pixel 7 6 6a 5 4,OnePlus 10 9","1,818 ratings",,4.4 out of 5 stars,https://m.media-amazon.com/images/I/61RE5J9gHBS.__AC_SX300_SY300_QL70_FMwebp_.jpg,Currently unavailable
https://www.amazon.com/Headphones-Earphones-Magnetic-Canceling-Microphone/dp/B09ZV1KQ3F/ref=sr_1_98?keywords=ipad+pro&qid=1694599369&sr=8-98,"USB C Headphones,USB Type C Earphones Wired Earbuds Magnetic Noise Canceling in-Ear Headset with Microphone for iPad Pro Samsung Galaxy S23 S22 S21 S20 Ultra Note 10 20 Pixel 5 4 3 XL Oneplus 9 8T","2,380 ratings",,4.3 out of 5 stars,https://m.media-amazon.com/images/I/61d0ACFB0VL.__AC_SX300_SY300_QL70_FMwebp_.jpg,Currently unavailable
https://www.amazon.com/iPad-Pro-11in-3nd-Gen/dp/B0BGN9MWS5/ref=sr_1_99?keywords=ipad+pro&qid=1694599369&sr=8-99,iPad Pro 11in (3nd Gen.) - 1TB - Wi-Fi+5G - Space Gray (Renewed Premium),1 rating,$839.99,5.0 out of 5 stars,https://m.media-amazon.com/images/I/817ASgABwHS.__AC_SX300_SY300_QL70_FMwebp_.jpg,Only 2 left in stock - order soon.
https://www.amazon.com/Apple-iPad-10-5-Wi-Fi-Cellular/dp/B078YDDSMK/ref=sr_1_100?keywords=ipad+pro&qid=1694599369&sr=8-100,"2017 Apple iPad Pro (10.5-inch, Wi-Fi + Cellular, 64GB) - Silver (Renewed)",94 ratings,$239.00,4.3 out of 5 stars,https://m.media-amazon.com/images/I/91oqJL8OufL.__AC_SX300_SY300_QL70_FMwebp_.jpg,Only 1 left in stock - order soon.
https://www.amazon.com/Apple-iPad-Space-Gray-Refurbished/dp/B00TREI098/ref=sr_1_101?keywords=ipad+pro&qid=1694599369&sr=8-101,"Apple iPad Air 2, 128 GB, Space Gray, (Renewed)","1,216 ratings",$169.99,4.4 out of 5 stars,https://m.media-amazon.com/images/I/61wDxPfqfJL.__AC_SX300_SY300_QL70_FMwebp_.jpg,Only 8 left in stock - order soon.
https://www.amazon.com/Apple-Space-Cellular-MPLN2LL-Renewed/dp/B081LGSRH2/ref=sr_1_102?keywords=ipad+pro&qid=1694599369&sr=8-102,Apple iPad Pro 12.9 512 GB Space Gray (Wi-Fi + Cellular) MPLN2LL/A (Renewed),11 ratings,$599.00,4.3 out of 5 stars,https://m.media-amazon.com/images/I/51Z7e6moTBL.__AC_SX300_SY300_QL70_FMwebp_.jpg,Only 2 left in stock - order soon.
https://www.amazon.com/Apple-Early-Wi-Fi-MR7F2LL-Refurbished/dp/B07G9QNT6P/ref=sr_1_103?keywords=ipad+pro&qid=1694599369&sr=8-103,"Early 2018 Apple iPad (9.7-inch, Wi-Fi, 32GB) - Space Gray (Renewed)","3,483 ratings",$158.00,4.6 out of 5 stars,https://m.media-amazon.com/images/I/71rm-Y7VDSL.__AC_SX300_SY300_QL70_FMwebp_.jpg,Only 1 left in stock - order soon.
https://www.amazon.com/Apple-iPad-10-2-inch-Wi-Fi-32GB/dp/B08J5Q255V/ref=sr_1_104?keywords=ipad+pro&qid=1694599369&sr=8-104,"Apple 2020 iPad (10.2-inch, Wi-Fi, 32GB) - Silver (8th Generation)","64,123 ratings",,4.9 out of 5 stars,https://m.media-amazon.com/images/I/71bIv4CMRCL.__AC_SY445_SX342_QL70_FMwebp_.jpg,Currently unavailable
https://www.amazon.com/Apple-iPad-Pro-12-9in-Gen/dp/B0BFC4653N/ref=sr_1_105?keywords=ipad+pro&qid=1694599369&sr=8-105,Apple iPad Pro 12.9in (5th Gen.) - 256GB - WiFi + Cellular - Space Gray (Renewed Premium),,$929.00,,https://m.media-amazon.com/images/I/81sxRBhe2sS.__AC_SX300_SY300_QL70_FMwebp_.jpg,Currently unavailable
https://www.amazon.com/Fire-HD-10-Plus-tablet/dp/B08F6FYN6B/ref=sr_1_106?keywords=ipad+pro&qid=1694599369&sr=8-106,"Amazon Fire HD 10 Plus tablet, 10.1"", 1080p Full HD, 32 GB, latest model (2021 release), Slate","26,626 ratings",,4.6 out of 5 stars,https://m.media-amazon.com/images/I/61mXhoGxSGL._AC_SY300_SX300_.jpg,Currently unavailable
https://www.amazon.com/Apple-9-7-inch-128GB-Wi-Fi-Space/dp/B01M06SGWM/ref=sr_1_107?keywords=ipad+pro&qid=1694599369&sr=8-107,"Apple iPad Pro 9.7-inch (128GB, Wi-Fi, Space Gray) 2016 Model - (Renewed)",443 ratings,$219.00,4.6 out of 5 stars,https://m.media-amazon.com/images/I/61hw0TH86iL.__AC_SY300_SX300_QL70_FMwebp_.jpg,Only 3 left in stock - order soon.
https://www.amazon.com/Apple-iPad-10-5-inch-Wi-Fi-Cellular/dp/B071GGB84Y/ref=sr_1_108?keywords=ipad+pro&qid=1694599369&sr=8-108,"Apple iPad Pro (10.5-inch, Wi-Fi + Cellular, 64GB) - Rose Gold (Previous Model)",267 ratings,,4.6 out of 5 stars,https://m.media-amazon.com/images/I/71hA1Sf1TnL.__AC_SX342_SY445_QL70_FMwebp_.jpg,Currently unavailable
https://www.amazon.com/Apple-iPad-12-9-inch-Wi-Fi-256GB/dp/B07K33G5LS/ref=sr_1_109?keywords=ipad+pro&qid=1694599369&sr=8-109,"Apple iPad Pro (12.9-inch, Wi-Fi, 256GB) - Silver (3rd Generation)","2,973 ratings",,4.8 out of 5 stars,https://m.media-amazon.com/images/I/71+ud9p+tYL._AC_SY445_SX342_.jpg,Only 1 left in stock - order soon
https://www.amazon.com/iCarez-Updated-Anti-Glare-Protector-Compatible/dp/B07GZMMYHT/ref=sr_1_110?keywords=ipad+pro&qid=1694599369&sr=8-110,iCarez Anti-Glare Matte Screen Protector for Apple iPad Air 4/5 Gen (10.9-inch 2022/2020) iPad Pro 11 Inch (2022/2021/2020/2018) [2-Pack] Easy to Install (Compatible with Face ID and Apple Pencil),"7,180 ratings",,4.4 out of 5 stars,https://m.media-amazon.com/images/I/81-3lIksX4L.__AC_SX300_SY300_QL70_FMwebp_.jpg,Currently unavailable
https://www.amazon.com/Apple-Generation-128GB-Silver-Refurbished/dp/B07G4M8TXS/ref=sr_1_111?keywords=ipad+pro&qid=1694599369&sr=8-111,"2018 Apple iPad (9.7-inch, Wi-Fi, 128GB) - Silver (Renewed)",677 ratings,$198.00,4.5 out of 5 stars,https://m.media-amazon.com/images/I/61ilXTyALEL.__AC_SX300_SY300_QL70_FMwebp_.jpg,Only 3 left in stock - order soon.
https://www.amazon.com/Apple-iPad-Pro-10-5-Refurbished/dp/B078HZKF9Y/ref=sr_1_112?keywords=ipad+pro&qid=1694599369&sr=8-112,Apple iPad Pro 10.5in - 512GB Wifi - 2017 Model - GREY (Renewed),134 ratings,$399.99,4.5 out of 5 stars,https://m.media-amazon.com/images/I/91Elj6P5qyL.__AC_SX300_SY300_QL70_FMwebp_.jpg,Only 1 left in stock - order soon.
