title,reviews,price,variant_price,stars,img_link,availability
"Apple iPad Pro 12.9-inch (6th Generation): with M2 chip, Liquid Retina XDR Display, 128GB, Wi-Fi 6E, 12MP front/12MP and 10MP Back Cameras, Face ID, All-Day Battery Life – Space Gray","1,244 ratings",,,4.7 out of 5 stars,https://m.media-amazon.com/images/I/81c+9BOQNWL._AC_SX342_SY445_.jpg,Only 15 left in stock - order soon
"2021 Apple 11-inch iPad Pro (Wi‑Fi, 128GB) - Silver (Renewed)",803 ratings,$619.95,,4.4 out of 5 stars,https://m.media-amazon.com/images/I/81kXSgs+eFL._AC_SY300_SX300_.jpg,Only 2 left in stock - order soon.
"Apple iPad Pro Tablet (128GB, Wi-Fi, 9.7in) Gold (Renewed)",337 ratings,$219.00,,4.4 out of 5 stars,https://m.media-amazon.com/images/I/91xk0o++tdL._AC_SY300_SX300_.jpg,Only 14 left in stock - order soon.
,,,,,,
"2020Apple iPad Pro (11-inch, Wi-Fi, 128GB) - Space Gray (Renewed)",519 ratings,$569.00,$569.95,4.4 out of 5 stars,https://m.media-amazon.com/images/I/81zpCCNnByL.__AC_SX300_SY300_QL70_FMwebp_.jpg,Only 1 left in stock - order soon.
"Apple iPad Pro 2018 (11-inch, Wi-Fi + Cellular 64GB) - Space Gray (Renewed)","3,344 ratings",$399.99,$408.00,4.4 out of 5 stars,https://m.media-amazon.com/images/I/61Yi57fkX7L.__AC_SX300_SY300_QL70_FMwebp_.jpg,Only 2 left in stock - order soon.
"Apple iPad Pro (128GB, Wi-Fi, Space Gray) 12.9in Tablet (Renewed)","1,181 ratings",$378.00,$348.99,4.2 out of 5 stars,https://m.media-amazon.com/images/I/81R3IhW3yUL.__AC_SX300_SY300_QL70_FMwebp_.jpg,Currently unavailable
"2018 Apple iPad Pro (12.9-inch, Wi-Fi + Cellular, 256GB) - Space Gray (Renewed)","3,578 ratings",$547.00,$549.00,4.4 out of 5 stars,https://m.media-amazon.com/images/I/614mkvkYdmL.__AC_SX300_SY300_QL70_FMwebp_.jpg,Only 4 left in stock - order soon.
iPad Pro5 12.9in 1TB Silver WiFi,928 ratings,$938.93,,4.4 out of 5 stars,https://m.media-amazon.com/images/I/81Lg76GZ3ML.__AC_SX300_SY300_QL70_FMwebp_.jpg,Currently unavailable
"Apple iPad Pro Tablet (32GB, Wi-Fi, 9.7in) Silver (Renewed)",632 ratings,$169.99,$174.00,4.5 out of 5 stars,https://m.media-amazon.com/images/I/91xKRosDu2L.__AC_SX300_SY300_QL70_FMwebp_.jpg,Only 20 left in stock - order soon.
"2020 Apple iPad Pro (12.9-inch, Wi-Fi, 128GB) - Space Gray (Renewed)","1,640 ratings",$679.95,$679.99,4.5 out of 5 stars,https://m.media-amazon.com/images/I/81a-vuydLTL.__AC_SX300_SY300_QL70_FMwebp_.jpg,Only 2 left in stock - order soon.
"APPLE MP6G2LL/A iPad Pro with Wi-Fi 256GB, 12.9in, Space Grey (Renewed)",8 ratings,$429.00,,4.2 out of 5 stars,https://m.media-amazon.com/images/I/71MhUZFdqNL.__AC_SX300_SY300_QL70_FMwebp_.jpg,Only 1 left in stock - order soon.
"Apple iPad Pro Tablet (128GB, LTE, 9.7in) Space Gray (Renewed)",514 ratings,$215.00,$215.00,4.4 out of 5 stars,https://m.media-amazon.com/images/I/61t6leLWBqL.__AC_SY300_SX300_QL70_FMwebp_.jpg,Only 1 left in stock - order soon.
"Apple iPad Pro Tablet (32GB, Wi-Fi, 9.7in) Gold (Renewed)",273 ratings,$183.00,$188.00,4.3 out of 5 stars,https://m.media-amazon.com/images/I/91xk0o++tdL._AC_SY300_SX300_.jpg,Only 1 left in stock - order soon.
"iPad Pro 9.7-inch (128GB, Wi-Fi + 4G LTE Cellular, Space Gray) MLQ32LL/A 2016 Model (Renewed)",313 ratings,$209.47,$202.68,4.2 out of 5 stars,https://m.media-amazon.com/images/I/71ZQCCJkYXL.__AC_SX300_SY300_QL70_FMwebp_.jpg,Only 1 left in stock - order soon.
"2017 Apple iPad Pro (10.5-inch, Wi-Fi, 64GB) - Silver (Renewed)",230 ratings,$239.00,$245.00,4.5 out of 5 stars,https://m.media-amazon.com/images/I/71ajJ5a+-tS._AC_SY300_SX300_.jpg,Only 1 left in stock - order soon.
"2020 Apple iPad Pro 2nd Gen (11 inch, Wi-Fi + Cellular, 128GB) Space Gray (Renewed)",271 ratings,$594.95,,4.3 out of 5 stars,https://m.media-amazon.com/images/I/81cqAewulzL.__AC_SX300_SY300_QL70_FMwebp_.jpg,Only 6 left in stock - order soon.
,,,,,,
"Apple iPad Pro 12.9-inch (6th Generation): with M2 chip, Liquid Retina XDR Display, 128GB, Wi-Fi 6E, 12MP front/12MP and 10MP Back Cameras, Face ID, All-Day Battery Life – Space Gray","1,244 ratings",,,4.7 out of 5 stars,https://m.media-amazon.com/images/I/81c+9BOQNWL._AC_SX342_SY445_.jpg,Only 15 left in stock - order soon
"2021 Apple 11-inch iPad Pro (Wi‑Fi, 128GB) - Silver (Renewed)",803 ratings,$619.95,,4.4 out of 5 stars,https://m.media-amazon.com/images/I/81kXSgs+eFL._AC_SY300_SX300_.jpg,Only 2 left in stock - order soon.
"Apple iPad Pro 11-inch (4th Generation): with M2 chip, Liquid Retina Display, 256GB, Wi-Fi 6E + 5G Cellular, 12MP front/12MP and 10MP Back Cameras, Face ID, All-Day Battery Life – Space Gray","1,223 ratings",,,4.8 out of 5 stars,https://m.media-amazon.com/images/I/81WWJj1RedL.__AC_SY445_SX342_QL70_FMwebp_.jpg,Only 1 left in stock - order soon
"Apple iPad Pro 2018 (11-inch, Wi-Fi + Cellular 64GB) - Space Gray (Renewed)","3,344 ratings",$399.99,$408.00,4.4 out of 5 stars,https://m.media-amazon.com/images/I/61Yi57fkX7L.__AC_SX300_SY300_QL70_FMwebp_.jpg,Only 2 left in stock - order soon.
"Apple iPad Pro 12.9-inch (6th Generation): with M2 chip, Liquid Retina XDR Display, 256GB, Wi-Fi 6E, 12MP front/12MP and 10MP Back Cameras, Face ID, All-Day Battery Life – Space Gray","1,244 ratings",,,4.7 out of 5 stars,https://m.media-amazon.com/images/I/81c+9BOQNWL._AC_SX342_SY445_.jpg,Only 5 left in stock - order soon
"2022 Apple iPad Pro (12.9-inch, Wi-Fi, 256GB) - Space Gray (Renewed)",41 ratings,"$1,149.00","$1,149.00",4.4 out of 5 stars,https://m.media-amazon.com/images/I/718qlagXJRL.__AC_SX300_SY300_QL70_FMwebp_.jpg,Only 10 left in stock - order soon.
"Apple 2021 12.9-inch iPad Pro (Wi‑Fi, 256GB) - Silver","6,057 ratings",,,4.8 out of 5 stars,https://m.media-amazon.com/images/I/815KnP2wjDS.__AC_SY445_SX342_QL70_FMwebp_.jpg,Only 1 left in stock - order soon
"2021 Apple iPad Pro (12.9-Inch, Wi-Fi, 512GB) - Silver (Renewed)",928 ratings,$919.91,$909.95,4.4 out of 5 stars,https://m.media-amazon.com/images/I/81Lg76GZ3ML.__AC_SX300_SY300_QL70_FMwebp_.jpg,Only 2 left in stock - order soon.
"Apple iPad Pro Tablet (128GB, Wi-Fi, 9.7in) Silver (Renewed)",521 ratings,$214.00,$214.00,4.4 out of 5 stars,https://m.media-amazon.com/images/I/91xKRosDu2L.__AC_SX300_SY300_QL70_FMwebp_.jpg,Only 2 left in stock - order soon.
"Apple iPad Pro 12.9in Tablet (256GB Wi-FI, Space Gray)(Renewed)","1,630 ratings",$532.00,,4.3 out of 5 stars,https://m.media-amazon.com/images/I/61GO97DP3VL.__AC_SY300_SX300_QL70_FMwebp_.jpg,Currently unavailable
"Apple iPad (9th Generation): with A13 Bionic chip, 10.2-inch Retina Display, 256GB, Wi-Fi, 12MP front/8MP Back Camera, Touch ID, All-Day Battery Life – Silver","132,592 ratings",,,4.8 out of 5 stars,https://m.media-amazon.com/images/I/61PnHlc0HCL.__AC_SY445_SX342_QL70_FMwebp_.jpg,Currently unavailable
"Apple iPad Air (5th Generation): with M1 chip, 10.9-inch Liquid Retina Display, 64GB, Wi-Fi 6, 12MP front/12MP Back Camera, Touch ID, All-Day Battery Life – Purple","10,315 ratings",,,4.8 out of 5 stars,https://m.media-amazon.com/images/I/61k05QwLuML.__AC_SY445_SX342_QL70_FMwebp_.jpg,Only 1 left in stock - order soon
"Apple iPad Mini (6th Generation): with A15 Bionic chip, 8.3-inch Liquid Retina Display, 64GB, Wi-Fi 6, 12MP front/12MP Back Camera, Touch ID, All-Day Battery Life – Space Gray","8,028 ratings",,,4.8 out of 5 stars,https://m.media-amazon.com/images/I/71ey-9D8yDL.__AC_SY445_SX342_QL70_FMwebp_.jpg,Only 17 left in stock - order soon
"Logitech Combo Touch iPad Pro 12.9-inch (5th, 6th gen - 2021, 2022) Keyboard Case - Detachable Backlit Keyboard with Kickstand, Click-Anywhere Trackpad, Smart Connector - Oxford Gray; USA Layout","2,320 ratings",,,4.4 out of 5 stars,https://m.media-amazon.com/images/I/71dmlPk0IyS.__AC_SX300_SY300_QL70_FMwebp_.jpg,Only 1 left in stock - order soon
"Stylus Pen for iPad 9th&10th Generation - 10Mins Faster Charge Stylus for iPad Pencil, Pen for iPad Compatible with (2018-2023) iPad 6-10th Gen, iPad Air 3-5, iPad Mini 5/6, iPad Pro 11""/12.9""",564 ratings,,,4.7 out of 5 stars,https://m.media-amazon.com/images/I/51tMAm7GnmL.__AC_SX300_SY300_QL70_FMwebp_.jpg,Currently unavailable
Apple iPad (2018 Model) with Wi-Fi only 32GB Apple 9.7in iPad - Space Gray (Renewed),"6,483 ratings",$158.00,$158.00,4.6 out of 5 stars,https://m.media-amazon.com/images/I/61aeen0K1NL.__AC_SX300_SY300_QL70_FMwebp_.jpg,Only 11 left in stock - order soon.
"2021 Apple iPad (10.2-inch, Wi-Fi, 64GB) - Space Gray (Renewed)","1,243 ratings",$341.95,$341.95,4.6 out of 5 stars,https://m.media-amazon.com/images/I/51mV0IWAZwL.__AC_SX300_SY300_QL70_FMwebp_.jpg,Only 8 left in stock - order soon.
"Amazon Fire HD 10 Kids Pro tablet, 10.1"", 1080p Full HD, ages 6–12, 32 GB, (2021 release), named ""Best Tablet for Big Kids"" by Good Housekeeping, Intergalactic","14,453 ratings",,,4.7 out of 5 stars,https://m.media-amazon.com/images/I/71h3WD4NL0S._AC_SY300_SX300_.jpg,Currently unavailable
"USB C Headphones for iPad Pro,USB Type C Earphones HiFi Stereo USB C Wired Earbuds with Microphone Volume Control for Samsung S23 Ultra S22 S21 Note20 A54 A53 Z Flip Fold,Pixel 7 6 6a 5 4,OnePlus 10 9","1,797 ratings",,,4.4 out of 5 stars,https://m.media-amazon.com/images/I/61RE5J9gHBS.__AC_SX300_SY300_QL70_FMwebp_.jpg,Currently unavailable
"iPad Pro Charger, Apple Tablet Charger Type C USB C Fast Charger PD Wall Charger Plug Block & 6FT USB C to C Charging Cable Compatible with iPad Pro 12.9 2021/20/18, iPad Pro 11 Gen 3/2/1,iPad Air 4th",913 ratings,,,4.4 out of 5 stars,https://m.media-amazon.com/images/I/3153T0+IUBL._SX342_SY445_.jpg,Currently unavailable
"Stylus Pen for iPad,Ipad Pencil 2nd Generation,Apple Pencil,Smart Touch Switch,Compatible with(2018-2023) Magnetic iPad 6-10,iPad Mini 5/6,iPad Air 3-5,iPad Pro 11""/12.9""",139 ratings,,,4.4 out of 5 stars,https://m.media-amazon.com/images/I/51GXozpONaL.__AC_SX300_SY300_QL70_FMwebp_.jpg,Currently unavailable
"Fintie SlimShell Case for iPad Pro 11-inch (4th / 3rd Generation) 2022/2021 - Soft Flexible TPU Stand Back Cover with Pencil Holder, Also Fit iPad Pro 11"" 2nd / 1st Gen, Composition Book","2,565 ratings",,,4.7 out of 5 stars,https://m.media-amazon.com/images/I/81-xJANbY7L.__AC_SX300_SY300_QL70_FMwebp_.jpg,Currently unavailable
"ESR for iPad Pro 12.9 Case, iPad 12.9 Pro Folio Case (2022/2021, 6th/5th Generation) with Pencil Holder, Detachable Magnetic Cover, Vertical Stand, Rebound 360 Series, Black","1,715 ratings",,,4.6 out of 5 stars,https://m.media-amazon.com/images/I/71aMs37mBML.__AC_SX300_SY300_QL70_FMwebp_.jpg,Only 1 left in stock - order soon
"BongBingBoo iPad Pro Stand, Adjustable Tablet Holder Magnetic Cradle Mount Dock for Apple iPad Pro 12.9'' 3rd/4th/5th/6th Generation - Gray",511 ratings,,,4.4 out of 5 stars,https://m.media-amazon.com/images/I/81s71fkfyOL.__AC_SY300_SX300_QL70_FMwebp_.jpg,Only 6 left in stock - order soon
"Logitech Combo Touch iPad Pro 11-inch (1st, 2nd, 3rd, 4th gen - 2018, 2020, 2021, 2022) Keyboard Case - Detachable Backlit Keyboard, Click-Anywhere Trackpad - Oxford Gray; USA Layout","1,818 ratings",,,4.5 out of 5 stars,https://m.media-amazon.com/images/I/7157JTjtfFS.__AC_SX300_SY300_QL70_FMwebp_.jpg,Only 2 left in stock - order soon.
"Apple iPad Pro Tablet (128GB, Wi-Fi, 9.7in) Rose (Renewed)",718 ratings,$229.00,$229.00,4.3 out of 5 stars,https://m.media-amazon.com/images/I/91QlrgIeLOL.__AC_SX300_SY300_QL70_FMwebp_.jpg,Currently unavailable
Apple iPad Pro 10.5in - 256GB Wifi - 2017 Model - Gray (Renewed),629 ratings,$295.00,$290.00,4.5 out of 5 stars,https://m.media-amazon.com/images/I/71L+DGdHyWL._AC_SY300_SX300_.jpg,Only 2 left in stock - order soon.
"Apple iPad Pro Tablet (32GB, Wi-Fi, 9.7in) Gold (Renewed)",273 ratings,$183.00,$188.00,4.3 out of 5 stars,https://m.media-amazon.com/images/I/91xk0o++tdL._AC_SY300_SX300_.jpg,Only 1 left in stock - order soon.
Apple iPad (2018 Model) with Wi-Fi only 32GB Apple 9.7in iPad - Space Gray (Renewed),"6,483 ratings",$158.00,$158.00,4.6 out of 5 stars,https://m.media-amazon.com/images/I/61aeen0K1NL.__AC_SX300_SY300_QL70_FMwebp_.jpg,Only 11 left in stock - order soon.
"2021 Apple iPad (10.2-inch, Wi-Fi, 64GB) - Space Gray (Renewed)","1,243 ratings",$341.95,$341.95,4.6 out of 5 stars,https://m.media-amazon.com/images/I/51mV0IWAZwL.__AC_SX300_SY300_QL70_FMwebp_.jpg,Only 8 left in stock - order soon.
"2017 Apple iPad Pro (10.5-inch, Wi-Fi, 64GB) - Silver (Renewed)",230 ratings,$239.00,$245.00,4.5 out of 5 stars,https://m.media-amazon.com/images/I/71ajJ5a+-tS._AC_SY300_SX300_.jpg,Only 1 left in stock - order soon.
"Apple iPad Pro (128 GB, Wi-Fi + Cellular, Space Gray) - 12.9-inch Display (Renewed)",96 ratings,$401.28,$401.28,3.9 out of 5 stars,https://m.media-amazon.com/images/I/61EE8pUCpDL.__AC_SX300_SY300_QL70_FMwebp_.jpg,Only 19 left in stock - order soon.
"Apple iPad Air (10.9-inch, Wi-Fi + Cellular, 256GB) - Space Gray (Latest Model, 4th Generation) (Renewed)",46 ratings,$505.00,,4.3 out of 5 stars,https://m.media-amazon.com/images/I/61COdmZ8vgL.__AC_SX300_SY300_QL70_FMwebp_.jpg,Only 2 left in stock - order soon.
"2018 Apple iPad (9.7-inch, Wi-Fi, 128GB) - Space Gray (Renewed Premium)",6 ratings,$238.76,,5.0 out of 5 stars,https://m.media-amazon.com/images/I/81qK4+EC+cL._AC_SY300_SX300_.jpg,Only 3 left in stock - order soon.
"Apple iPad Pro (32GB, Wi-Fi, Space Gray) 12.9in Tablet (Renewed)",402 ratings,$349.00,$348.00,4.2 out of 5 stars,https://m.media-amazon.com/images/I/91X91LF4xxL.__AC_SX300_SY300_QL70_FMwebp_.jpg,Only 1 left in stock - order soon.
"2018 Apple iPad (9.7-inch, Wi-Fi, 32GB) - Gold (Renewed)","1,079 ratings",$166.99,$169.95,4.5 out of 5 stars,https://m.media-amazon.com/images/I/71r8LEuR-kL.__AC_SX300_SY300_QL70_FMwebp_.jpg,Only 1 left in stock - order soon.
"Apple iPad Pro 10.5in (2017) 64GB, Wi-Fi - Space Gray (Renewed)",171 ratings,$232.99,$234.00,4.4 out of 5 stars,https://m.media-amazon.com/images/I/61YxUI8IVgL.__AC_SY300_SX300_QL70_FMwebp_.jpg,Only 1 left in stock - order soon.
"Apple 2021 12.9-inch iPad Pro (Wi‑Fi, 2TB) - Silver","6,057 ratings",,,4.8 out of 5 stars,https://m.media-amazon.com/images/I/815KnP2wjDS.__AC_SY445_SX342_QL70_FMwebp_.jpg,Only 16 left in stock - order soon
Apple iPad Pro 10.5in 64GB WiFi Rose Gold (2017) (Renewed),343 ratings,$779.00,$779.00,4.4 out of 5 stars,https://m.media-amazon.com/images/I/71isZlb70HL.__AC_SX300_SY300_QL70_FMwebp_.jpg,Only 4 left in stock - order soon.
"Apple iPad (10th Generation): with A14 Bionic chip, 10.9-inch Liquid Retina Display, 64GB, Wi-Fi 6, 12MP front/12MP Back Camera, Touch ID, All-Day Battery Life – Pink","5,426 ratings",,,4.8 out of 5 stars,https://m.media-amazon.com/images/I/61hZrbHRMWL.__AC_SY445_SX342_QL70_FMwebp_.jpg,Currently unavailable
,,,,,,
"Apple 2022 12.9-inch iPad Pro (Wi-Fi, 128GB) - Space Gray (6th Generation) (Renewed)",41 ratings,"$1,024.00","$1,024.00",4.4 out of 5 stars,https://m.media-amazon.com/images/I/81c+9BOQNWL._AC_SY300_SX300_.jpg,Only 1 left in stock - order soon.
"Apple 2020 iPad Pro (11-inch, Wi-Fi, 256GB) - Silver(2nd Generation)","7,327 ratings",,,4.8 out of 5 stars,https://m.media-amazon.com/images/I/81lqq8UF5ML.__AC_SY445_SX342_QL70_FMwebp_.jpg,Only 1 left in stock - order soon
"Stylus Pen for iPad,Ipad Pencil 2nd Generation,Apple Pencil,Smart Touch Switch,Compatible with(2018-2023) Magnetic iPad 6-10,iPad Mini 5/6,iPad Air 3-5,iPad Pro 11""/12.9""",139 ratings,,,4.4 out of 5 stars,https://m.media-amazon.com/images/I/51GXozpONaL.__AC_SX300_SY300_QL70_FMwebp_.jpg,Currently unavailable
Apple iPad Air 10.5-inch (3rd Gen) Tablet A2152 (Wi-Fi Only) - 64GB / Space Gray (Renewed),"2,197 ratings",$229.99,$239.99,4.5 out of 5 stars,https://m.media-amazon.com/images/I/61deD07VqIL.__AC_SX300_SY300_QL70_FMwebp_.jpg,Only 4 left in stock - order soon.
"iPad Pro 9.7-inch (128GB, Wi-Fi + 4G LTE Cellular, Space Gray) MLQ32LL/A 2016 Model (Renewed)",313 ratings,$209.00,$202.68,4.2 out of 5 stars,https://m.media-amazon.com/images/I/71ZQCCJkYXL.__AC_SX300_SY300_QL70_FMwebp_.jpg,Only 14 left in stock - order soon.
"Apple iPad Air (10.9-inch, Wi-Fi + Cellular, 256GB) - Space Gray (Latest Model, 4th Generation) (Renewed)",46 ratings,$505.00,,4.3 out of 5 stars,https://m.media-amazon.com/images/I/61COdmZ8vgL.__AC_SX300_SY300_QL70_FMwebp_.jpg,Only 2 left in stock - order soon.
"ALLDOCUBE Android 13 Tablet, 1200 * 1920 in-Cell 8.4 inch Tablet, 8-core Gaming Tablet, 12GB(4+8)+64GB 512GB Expandable WiFi Tablet, iPlay 50 Mini Support 4G LTE, BT5.0 5MP/5MP, Tablet for Kids",8 ratings,,,5.0 out of 5 stars,https://m.media-amazon.com/images/I/71TlCfrurHL.__AC_SX300_SY300_QL70_FMwebp_.jpg,Currently unavailable
"USB C Headphones for iPad Pro,USB Type C Earphones HiFi Stereo USB C Wired Earbuds with Microphone Volume Control for Samsung S23 Ultra S22 S21 Note20 A54 A53 Z Flip Fold,Pixel 7 6 6a 5 4,OnePlus 10 9","1,797 ratings",,,4.4 out of 5 stars,https://m.media-amazon.com/images/I/61RE5J9gHBS.__AC_SX300_SY300_QL70_FMwebp_.jpg,Currently unavailable
"XNMOA Type C Wired Earbuds Headphones with Microphone,USB C Earphones with Volume Control&Support Call,Compatible with Samsung Galaxy S23 Ultra, S23+, iPad Pro MacBook,Most USB C Devices,White",91 ratings,,,3.9 out of 5 stars,https://m.media-amazon.com/images/I/51uHZ1NtyZL.__AC_SX300_SY300_QL70_FMwebp_.jpg,Currently unavailable
"iPad Air Pencil with Palm Rejection, PERMARK Stylus Pen Compatible with (2018-2023) Apple iPad Pro (11/12.9 Inch),iPad Air 3rd/4th/5th Gen,iPad 6/7/8/9th Gen,iPad Mini 5/6th Gen (Purple)","1,016 ratings",,,4.4 out of 5 stars,https://m.media-amazon.com/images/I/41Hpg-PFRSL.__AC_SX300_SY300_QL70_FMwebp_.jpg,Currently unavailable
"Apple iPad Pro Tablet (128GB, Wi-Fi, 9.7in) Rose (Renewed)",718 ratings,$229.00,$229.00,4.3 out of 5 stars,https://m.media-amazon.com/images/I/91QlrgIeLOL.__AC_SX300_SY300_QL70_FMwebp_.jpg,Currently unavailable
Apple iPad Pro 10.5in - 256GB Wifi - 2017 Model - Gray (Renewed),629 ratings,$295.00,$290.00,4.5 out of 5 stars,https://m.media-amazon.com/images/I/71L+DGdHyWL._AC_SY300_SX300_.jpg,Only 2 left in stock - order soon.
"Apple iPad Pro (32GB, Wi-Fi + Cellular, Rose) 9.7in Tablet (Renewed)",152 ratings,$209.01,$209.01,4.3 out of 5 stars,https://m.media-amazon.com/images/I/91e9gaqsSeL.__AC_SX300_SY300_QL70_FMwebp_.jpg,Only 17 left in stock - order soon.
"Microsoft Surface Pro 9 (2022), 13"" 2-in-1 Tablet & Laptop, Thin & Lightweight, Intel 12th Gen i5 Fast Processor for Multi-Tasking, 8GB RAM, 256GB Storage with Windows 11, Platinum",418 ratings,,,4.4 out of 5 stars,https://m.media-amazon.com/images/I/51iazuN-+TL._AC_SY300_SX300_.jpg,Only 1 left in stock - order soon
Apple iPad Pro 12.9in (5th Gen.) - 256GB - WiFi - Space Gray (Renewed Premium),10 ratings,$848.74,,3.2 out of 5 stars,https://m.media-amazon.com/images/I/81nmWyBkKhL.__AC_SX300_SY300_QL70_FMwebp_.jpg,Only 1 left in stock - order soon.
"Apple iPad Pro Tablet (32GB, Wi-Fi, 9.7in) Gold (Renewed)",273 ratings,$183.00,$188.00,4.3 out of 5 stars,https://m.media-amazon.com/images/I/91xk0o++tdL._AC_SY300_SX300_.jpg,Only 1 left in stock - order soon.
"Mid 2017 Apple 10.5 inches iPad Pro (256GB, Wi-Fi + 4G LTE, Space Gray) (Renewed)",198 ratings,$318.97,$289.00,4.3 out of 5 stars,https://m.media-amazon.com/images/I/514CNHVs7NL.__AC_SX300_SY300_QL70_FMwebp_.jpg,Only 8 left in stock - order soon.
Apple iPad Pro 12.9in (5th Gen.) - 256GB - WiFi - Space Gray (Renewed Premium),10 ratings,$848.74,,3.2 out of 5 stars,https://m.media-amazon.com/images/I/81nmWyBkKhL.__AC_SX300_SY300_QL70_FMwebp_.jpg,Only 1 left in stock - order soon.
"Apple iPad Pro (32GB, Wi-Fi + Cellular, Gray) 9.7in Tablet (Renewed)",277 ratings,$188.99,$188.99,4.2 out of 5 stars,https://m.media-amazon.com/images/I/6121xYVkJlL.__AC_SY300_SX300_QL70_FMwebp_.jpg,Only 1 left in stock - order soon.
"UGREEN USB C Charger 65W Nexode 3 Ports GaN Fast Charger Block, Compact Foldable Wall Charger Compatible with MacBook Pro/Air, Dell XPS, iPhone 14, iPad Pro, Galaxy S23, Pixel 7, Steam Deck (Black)","2,977 ratings",,,4.6 out of 5 stars,https://m.media-amazon.com/images/I/61Vi-xax+RL._AC_SY300_SX300_.jpg,Currently unavailable
"2018 Apple iPad (9.7-inch, Wi-Fi, 128GB) - Space Gray (Renewed Premium)",6 ratings,$238.76,,5.0 out of 5 stars,https://m.media-amazon.com/images/I/81qK4+EC+cL._AC_SY300_SX300_.jpg,Only 3 left in stock - order soon.
Apple iPad Pro 12.9in (5th Gen.) - 128GB - WiFi - Silver (Renewed Premium),6 ratings,$849.00,,4.1 out of 5 stars,https://m.media-amazon.com/images/I/815KnP2wjDS.__AC_SX300_SY300_QL70_FMwebp_.jpg,Currently unavailable
"Apple 2021 12.9-inch iPad Pro (Wi‑Fi, 2TB) - Silver","6,057 ratings",,,4.8 out of 5 stars,https://m.media-amazon.com/images/I/815KnP2wjDS.__AC_SY445_SX342_QL70_FMwebp_.jpg,Only 16 left in stock - order soon
"Apple iPad Pro Tablet (128GB, LTE, 9.7in) Rose Gold (Renewed)",132 ratings,$344.00,$219.99,4.2 out of 5 stars,https://m.media-amazon.com/images/I/61bPIWUuIEL.__AC_SX300_SY300_QL70_FMwebp_.jpg,Only 2 left in stock - order soon.
"Apple iPad Pro Tablet (128GB, Wi-Fi, 9.7in) Gray (Renewed)","2,284 ratings",$234.00,$234.00,4.5 out of 5 stars,https://m.media-amazon.com/images/I/51uJ9-J4JhL.__AC_SX300_SY300_QL70_FMwebp_.jpg,Only 1 left in stock - order soon.
"Apple iPad Pro Tablet (256GB, Wi-Fi, 9.7in) Gray (Renewed)",267 ratings,$279.00,$279.00,4.4 out of 5 stars,https://m.media-amazon.com/images/I/61rmZTQxuBL.__AC_SX300_SY300_QL70_FMwebp_.jpg,Only 1 left in stock - order soon.
"Tablet 10.1 inch Android 12 Tablet 2023 Latest Update Octa-Core Processor with 64GB Storage, Dual 13MP+5MP Camera, WiFi, Bluetooth, GPS, 512GB Expand Support, IPS Full HD Display (Black)","2,110 ratings",,,4.2 out of 5 stars,https://m.media-amazon.com/images/I/71Mt4JAZQtL.__AC_SX300_SY300_QL70_FMwebp_.jpg,Only 1 left in stock - order soon
"Fintie SlimShell Case for iPad Pro 11-inch (4th / 3rd Generation) 2022/2021 - Soft Flexible TPU Stand Back Cover with Pencil Holder, Also Fit iPad Pro 11"" 2nd / 1st Gen, Composition Book","2,565 ratings",,,4.7 out of 5 stars,https://m.media-amazon.com/images/I/81-xJANbY7L.__AC_SX300_SY300_QL70_FMwebp_.jpg,Currently unavailable
"Apple iPad Air 2, 64 GB, Space Gray (Renewed)","4,958 ratings",$169.00,$149.00,4.4 out of 5 stars,https://m.media-amazon.com/images/I/71AfLgrG19L.__AC_SX300_SY300_QL70_FMwebp_.jpg,Only 14 left in stock - order soon.
"Xiaomi Pad 6 WiFi Version 11 inches 144Hz 8840mAh Bluetooth 5.2 Four Speakers Dolby Atmos 13 Mp Camera + Fast Car 51W Charger Bundle (Gravity Gray, 256GB + 8GB)",8 ratings,,,5.0 out of 5 stars,https://m.media-amazon.com/images/I/51lPQ-hC4kL.__AC_SX300_SY300_QL70_FMwebp_.jpg,Only 4 left in stock - order soon
iPad Pro 11in (3nd Gen.) - 256GB - WiFi - Space Gray (Renewed Premium),6 ratings,$748.78,,3.5 out of 5 stars,https://m.media-amazon.com/images/I/81rBUAM2NpL.__AC_SX300_SY300_QL70_FMwebp_.jpg,Only 4 left in stock - order soon.
"Apple iPad Pro Tablet(256GB, LTE, 9.7in) Space Gray (Renewed)",139 ratings,$279.99,,4.3 out of 5 stars,https://m.media-amazon.com/images/I/61V4AyIbnzL.__AC_SX300_SY300_QL70_FMwebp_.jpg,Only 5 left in stock - order soon.
"Apple iPad (10.2-Inch, Wi-Fi, 128GB) - Space Gray (Renewed)","6,361 ratings",$265.00,$242.00,4.5 out of 5 stars,https://m.media-amazon.com/images/I/61m8rRc8RfL.__AC_SX300_SY300_QL70_FMwebp_.jpg,Only 3 left in stock - order soon.
iPad Pro 11in (3nd Gen.) - 2TB - WiFi - Silver (Renewed Premium),,$929.00,,Previous page,https://m.media-amazon.com/images/I/81MF389-9gS.__AC_SX300_SY300_QL70_FMwebp_.jpg,Currently unavailable
"2018 Apple iPad (Wi-Fi + Cellular, 32GB) - Space Gray (Renewed)",239 ratings,$185.00,$185.00,4.5 out of 5 stars,https://m.media-amazon.com/images/I/61cL4Wr8iLL.__AC_SX300_SY300_QL70_FMwebp_.jpg,Only 14 left in stock - order soon.
"2017 Apple iPad Pro 2nd Gen (12.9-inch, Wi-Fi, 256GB) Space Gray (Renewed).",213 ratings,$487.00,$459.00,4.4 out of 5 stars,https://m.media-amazon.com/images/I/61Sa9iSYDLL.__AC_SY300_SX300_QL70_FMwebp_.jpg,Only 1 left in stock - order soon.
"Apple iPad Pro Tablet (128GB, Wi-Fi, 9.7in) Gray (Renewed)","2,284 ratings",$234.00,$234.00,4.5 out of 5 stars,https://m.media-amazon.com/images/I/51uJ9-J4JhL.__AC_SX300_SY300_QL70_FMwebp_.jpg,Only 1 left in stock - order soon.
"Apple iPad Air 2, 128 GB, Space Gray, (Renewed)","1,212 ratings",$175.67,$169.99,4.4 out of 5 stars,https://m.media-amazon.com/images/I/61wDxPfqfJL.__AC_SX300_SY300_QL70_FMwebp_.jpg,Only 1 left in stock - order soon.
Apple iPad Pro 10.5in 64GB WiFi Rose Gold (2017) (Renewed),343 ratings,$779.00,$779.00,4.4 out of 5 stars,https://m.media-amazon.com/images/I/71isZlb70HL.__AC_SX300_SY300_QL70_FMwebp_.jpg,Only 4 left in stock - order soon.
Apple iPad Mini 5-64GB - WiFi - Space Gray (Renewed Premium),3 ratings,$315.00,,5.0 out of 5 stars,https://m.media-amazon.com/images/I/71kFFMmecZL.__AC_SX300_SY300_QL70_FMwebp_.jpg,Only 1 left in stock - order soon.
Apple iPad Pro 12.9in (5th Gen.) - 256GB - WiFi + Cellular - Silver (Renewed Premium),,$899.73,,Previous page,https://m.media-amazon.com/images/I/81J5bpGahqS.__AC_SX300_SY300_QL70_FMwebp_.jpg,Only 1 left in stock - order soon.
"2018 Apple iPad (9.7-inch, Wi-Fi, 128GB) - Space Gray (Renewed Premium)",6 ratings,$238.76,,5.0 out of 5 stars,https://m.media-amazon.com/images/I/81qK4+EC+cL._AC_SY300_SX300_.jpg,Only 3 left in stock - order soon.
"Apple iPad Pro Tablet (256GB, Wi-Fi, 9.7in) Gray (Renewed)",267 ratings,$279.00,$279.00,4.4 out of 5 stars,https://m.media-amazon.com/images/I/61rmZTQxuBL.__AC_SX300_SY300_QL70_FMwebp_.jpg,Only 1 left in stock - order soon.
"Apple iPad Pro Tablet (128GB, LTE, 9.7in) Rose Gold (Renewed)",132 ratings,$344.00,$219.99,4.2 out of 5 stars,https://m.media-amazon.com/images/I/61bPIWUuIEL.__AC_SX300_SY300_QL70_FMwebp_.jpg,Only 2 left in stock - order soon.
"Apple iPad Pro 12.9-inch 512GB MPKY2LL/A (2nd Generation, Wi-Fi Only, Space Gray) Mid 2017 (Renewed)",64 ratings,$499.00,,4.5 out of 5 stars,https://m.media-amazon.com/images/I/71JSpvyAWgL.__AC_SX300_SY300_QL70_FMwebp_.jpg,Only 1 left in stock - order soon.
"Lenovo Tab P11 Plus (1st Gen) - 2021 - Tablet - Long Battery Life - 11"" LCD - MediaTek Octa-Core Processor - 6GB Memory - 128GB Storage - Android 11 - Bluetooth & Wi-Fi - Keyboard & Pen Included",201 ratings,,,4.5 out of 5 stars,https://m.media-amazon.com/images/I/61qCm9CmKwL.__AC_SX300_SY300_QL70_FMwebp_.jpg,Only 5 left in stock - order soon
"Apple 2021 iPad (10.2-inch, Wi-Fi, 256GB) - Silver (Renewed Premium)",14 ratings,$399.00,,4.4 out of 5 stars,https://m.media-amazon.com/images/I/61p4lWfJk+L._AC_SY300_SX300_.jpg,Currently unavailable
"jumper 10.1"" Tablet, Android 12 Tablets with 2.0GHz Octa-Core Processor, 8GB RAM 128GB Storage, Full HD IPS Touch Screen, 15+8MP Dual Camera, Dual Speakers, Type-c, 6000mAh Battery, Bluetooth5.0, GPS.",286 ratings,,,4.4 out of 5 stars,https://m.media-amazon.com/images/I/71QNWG1NklL.__AC_SX300_SY300_QL70_FMwebp_.jpg,Currently unavailable
,,,,,,
"EATOP USB Flash Drive 1TB iPhone Memory Stick Storage for Photos and Videos, Flash Thumb Drive Compatible with iPad Android and Computers (Purple)","4,813 ratings",,,4.0 out of 5 stars,https://m.media-amazon.com/images/I/71oX3qhYdaL.__AC_SX300_SY300_QL70_FMwebp_.jpg,Currently unavailable
"OPCUS iPad 9th Generation Case with Keyboard for iPad 10.2"" 9th 2021/8th 2020/7th 2019/Air 3/Pro 10.5,ipad case with Keyboard Bluetooth, Wireless Keyboard iPad Case-Purple",26 ratings,,,3.9 out of 5 stars,https://m.media-amazon.com/images/I/71sru40Nl9L.__AC_SX300_SY300_QL70_ML2_.jpg,Currently unavailable
"Apple 2021 11-inch iPad Pro (Wi-Fi, 1TB) - Silver with AppleCare+ (2 Years)",6 ratings,"$1,628.99",,5.0 out of 5 stars,https://m.media-amazon.com/images/I/71TUZPsvieL.__AC_SY445_SX342_QL70_FMwebp_.jpg,Currently unavailable
"Apple iPad 9.7' with WiFi, 32GB, Space Gray - MP2F2LL/A (Renewed)",496 ratings,$149.00,$146.69,4.4 out of 5 stars,https://m.media-amazon.com/images/I/7124gFx2DpL.__AC_SX300_SY300_QL70_FMwebp_.jpg,Only 4 left in stock - order soon.
"2018 Apple iPad (9.7-inch, Wi-Fi, 128GB) - Space Gray (Renewed Premium)",6 ratings,$238.76,,5.0 out of 5 stars,https://m.media-amazon.com/images/I/81qK4+EC+cL._AC_SY300_SX300_.jpg,Only 3 left in stock - order soon.
"Amazon Fire HD 8 Kids tablet | ages 3-7 | ad-free content | if it breaks, we will replace it | parental controls | 8"" HD display , 64 GB, Purple","4,113 ratings",,,4.6 out of 5 stars,https://m.media-amazon.com/images/I/71vpTuCWqlL._AC_SY300_SX300_.jpg,Currently unavailable
Apple iPad Pro 10.5' - 256GB Wifi - 2017 Model - Rose Gold (Renewed),278 ratings,$296.00,$299.00,4.1 out of 5 stars,https://m.media-amazon.com/images/I/61nh+fWsV-L._AC_SY300_SX300_.jpg,Only 1 left in stock - order soon.
"Apple iPad Pro 10.5in with ( Wi-Fi + Cellular ) - 64GB, Space Gray (Renewed)",327 ratings,$248.00,$234.95,4.4 out of 5 stars,https://m.media-amazon.com/images/I/81u2vx22J0L.__AC_SX300_SY300_QL70_FMwebp_.jpg,Only 10 left in stock - order soon.
"2017 Apple iPad (9.7-inch, Wi-Fi, 32GB) - Space Gray (Renewed)","10,650 ratings",$140.54,$144.00,4.6 out of 5 stars,https://m.media-amazon.com/images/I/51dBcW+NXPL._AC_SY300_SX300_.jpg,Only 1 left in stock - order soon.
Apple iPad Pro 12.9in (5th Gen.) - 512GB - WiFi + Cellular - Space Gray (Renewed Premium),,"$1,048.72",,Previous page,https://m.media-amazon.com/images/I/81sxRBhe2sS.__AC_SX300_SY300_QL70_FMwebp_.jpg,Only 1 left in stock - order soon.
"Early 2022 Apple iPad Air 5th Gen (10.9 inch, Wi-Fi, 64GB) Space Gray (Renewed)",382 ratings,$559.00,$559.00,4.4 out of 5 stars,https://m.media-amazon.com/images/I/61XZQXFQeVL.__AC_SX300_SY300_QL70_FMwebp_.jpg,Only 1 left in stock - order soon.
"UGREEN USB C Charger 65W Nexode 3 Ports GaN Fast Charger Block, Compact Foldable Wall Charger Compatible with MacBook Pro/Air, Dell XPS, iPhone 14, iPad Pro, Galaxy S23, Pixel 7, Steam Deck (Black)","2,977 ratings",,,4.6 out of 5 stars,https://m.media-amazon.com/images/I/61Vi-xax+RL._AC_SY300_SX300_.jpg,Currently unavailable
"Tablet 10.1 Inch Android 12 Tablets 2023 Latest Android Tablet 128GB ROM+16GB RAM (8+8 Virtual), 2 in 1 Tablet with Keyboard, Powerful Octa-Core+13MP Camera, 1TB TF Expandable, FHD WiFi Tablet PC",22 ratings,,,4.5 out of 5 stars,https://m.media-amazon.com/images/I/71dqR-rCRIL.__AC_SX300_SY300_QL70_FMwebp_.jpg,Currently unavailable
"Amazon Fire HD 10 Kids Pro tablet, 10.1"", 1080p Full HD, ages 6–12, 32 GB, (2021 release), named ""Best Tablet for Big Kids"" by Good Housekeeping, Intergalactic","14,453 ratings",,,4.7 out of 5 stars,https://m.media-amazon.com/images/I/71h3WD4NL0S._AC_SY300_SX300_.jpg,Currently unavailable
"Apple 2020 iPad (10.2-inch, Wi-Fi, 128GB) - Space Gray (8th Generation)","64,112 ratings",,,4.9 out of 5 stars,https://m.media-amazon.com/images/I/71UddJ3JSLL.__AC_SY445_SX342_QL70_FMwebp_.jpg,Only 1 left in stock - order soon
"Apple iPad Pro Tablet (32GB, Wi-Fi, 9.7in) Gray (Renewed)",153 ratings,$194.00,$198.00,4.4 out of 5 stars,https://m.media-amazon.com/images/I/31jolO1qAIL.__AC_SX300_SY300_QL70_FMwebp_.jpg,Only 1 left in stock - order soon.
"2017 Apple iPad Pro 2nd Gen (12.9-inch, Wi-Fi, 256GB) Space Gray (Renewed).",213 ratings,$487.00,$459.00,4.4 out of 5 stars,https://m.media-amazon.com/images/I/61Sa9iSYDLL.__AC_SY300_SX300_QL70_FMwebp_.jpg,Only 1 left in stock - order soon.
"Relndoo Kids Tablet, 7 inch Android 11 Tablet for Kids, 3GB RAM 32GB ROM, Toddler Tablet with Bluetooth, WiFi, Parental Control, Dual Camera, GMS, Shockproof Case, Kids App Pre-Installed",168 ratings,,,4.2 out of 5 stars,https://m.media-amazon.com/images/I/71DpSzy8EHL.__AC_SX300_SY300_QL70_FMwebp_.jpg,Only 1 left in stock - order soon
"Early 2022 Apple iPad Air 5th Gen (10.9 inch, Wi-Fi, 64GB) Space Gray (Renewed)",382 ratings,$559.00,$559.00,4.4 out of 5 stars,https://m.media-amazon.com/images/I/61XZQXFQeVL.__AC_SX300_SY300_QL70_FMwebp_.jpg,Only 1 left in stock - order soon.
"Apple 2020 iPad Pro (11-inch, Wi-Fi, 256GB) - Silver(2nd Generation)","7,327 ratings",,,4.8 out of 5 stars,https://m.media-amazon.com/images/I/81lqq8UF5ML.__AC_SY445_SX342_QL70_FMwebp_.jpg,Only 1 left in stock - order soon
"2017 Apple iPad (9.7-inch, Wi-Fi, 32GB) - Space Gray (Renewed)","10,650 ratings",$144.00,$144.00,4.6 out of 5 stars,https://m.media-amazon.com/images/I/51dBcW+NXPL._AC_SY300_SX300_.jpg,Only 1 left in stock - order soon.
iPad Pro 11in (3nd Gen.) - 512GB - WiFi - Silver (Renewed Premium),,$899.00,,Previous page,https://m.media-amazon.com/images/I/81slrALf2uS.__AC_SX300_SY300_QL70_FMwebp_.jpg,Currently unavailable
iCarez Anti-Glare Matte Screen Protector for Apple iPad Air 4/5 Gen (10.9-inch 2022/2020) iPad Pro 11 Inch (2022/2021/2020/2018) [2-Pack] Easy to Install (Compatible with Face ID and Apple Pencil),"7,175 ratings",,,4.4 out of 5 stars,https://m.media-amazon.com/images/I/81-3lIksX4L.__AC_SX300_SY300_QL70_FMwebp_.jpg,Currently unavailable
"Apple Smart Keyboard Folio: iPad Keyboard case for iPad Pro 12.9‑inch (3rd, 4th, 5th, 6th Generation), Two Viewing Angles, Front and Back Protection, British English - Black","2,941 ratings",,,4.6 out of 5 stars,https://m.media-amazon.com/images/I/71uAQvHFRUL.__AC_SY445_SX342_QL70_FMwebp_.jpg,Currently unavailable
"OSCAL Tablet 10.1 Inch 7GB RAM 128GB ROM (2TB TF), 2023 Latest PAD70 Android 12 Tablet with 13MP Dual Camera, WiFi, BT5.0, 1280x800 IPS HD Touch Screen,6580mAh GPS Tablets (Grey)",80 ratings,,,4.0 out of 5 stars,https://m.media-amazon.com/images/I/71cDCy5QNNL.__AC_SY300_SX300_QL70_FMwebp_.jpg,Currently unavailable
Apple iPad Pro 10.5' - 256GB Wifi - 2017 Model - Rose Gold (Renewed),278 ratings,$296.00,$299.00,4.1 out of 5 stars,https://m.media-amazon.com/images/I/61nh+fWsV-L._AC_SY300_SX300_.jpg,Only 1 left in stock - order soon.
"Teazgopx Bling Rhinestone iPad Pro 12.9 Case 6th / 5th / 4th / 3rd Generation 2022/2021 / 2020/2018 - Over 5000 High Quality Hand Glued Diamond,Glitter Sparkle Fashion Luxury Shiny Crystal Hard Shell",2 ratings,,,5.0 out of 5 stars,https://m.media-amazon.com/images/I/514peQoZdjL._QL70_FMwebp_.jpg,Only 3 left in stock - order soon
"Amazon Fire HD 8 Kids tablet, 8"" HD display, ages 3-7, includes 2-year worry-free guarantee, Kid-Proof Case, 64 GB, Purple","4,113 ratings",,,4.6 out of 5 stars,https://m.media-amazon.com/images/I/71vpTuCWqlL._AC_SY300_SX300_.jpg,Currently unavailable
"Apple MPHH2LL/A iPad Pro with Wi-Fi + Cellular 256GB, 10.5 inches, Silver (Renewed)",12 ratings,$375.00,$379.95,4.1 out of 5 stars,https://m.media-amazon.com/images/I/51p0wv3L4mL.__AC_SX300_SY300_QL70_FMwebp_.jpg,Only 1 left in stock - order soon.
iPad Pro 11in (3nd Gen.) - 2TB - WiFi - Space Gray (Renewed Premium),,$929.00,,Previous page of related Sponsored Products,https://m.media-amazon.com/images/I/81XfNvIQBXS.__AC_SX300_SY300_QL70_FMwebp_.jpg,Currently unavailable
"Apple iPad Pro 10.5in (2017) 256GB, Wi-Fi - Rose Gold (Renewed)",114 ratings,$299.00,$299.00,4.3 out of 5 stars,https://m.media-amazon.com/images/I/91kAGJhvcJL.__AC_SX300_SY300_QL70_FMwebp_.jpg,Only 1 left in stock - order soon.
"2023 Newest 2 in 1 Tablet with Keyboard, 6GB+128GB/1TB Expandable, 10 inch Tablet Android 11 Tablets Include Mouse Stylus Tempered Film, 5G WiFi 6, 8MP Dual Camera, 1280*800 10"" FHD, 6000mAH Tablet PC",125 ratings,,,3.9 out of 5 stars,https://m.media-amazon.com/images/I/71V7mCEhQwL.__AC_SX300_SY300_QL70_FMwebp_.jpg,Currently unavailable
"Apple iPad Pro Tablet (32GB, Wi-Fi, 9.7in) Gray (Renewed)",153 ratings,$194.00,$198.00,4.4 out of 5 stars,https://m.media-amazon.com/images/I/31jolO1qAIL.__AC_SX300_SY300_QL70_FMwebp_.jpg,Only 1 left in stock - order soon.
"Blackview 2023 New Tab12 Pro Android 12 Tablets Tablet 10"" inch Tablet 14GB+128GB 1TB Expand Tablet PC,1980 * 1200 FHD+IPS,2.4G/5G WiFi Tablet,Bluetooth 5.0 GPS Blue",228 ratings,,,4.1 out of 5 stars,https://m.media-amazon.com/images/I/71U2bCgZsmL.__AC_SX300_SY300_QL70_FMwebp_.jpg,Currently unavailable
"Apple iPad 9.7in with WiFi, 128GB - MP2H2LL/A - Space Gray (Renewed)",100 ratings,$209.00,$209.00,4.1 out of 5 stars,https://m.media-amazon.com/images/I/61rt+l19QsL._AC_SY300_SX300_.jpg,Only 4 left in stock - order soon.
"2018 Apple iPad (WiFi, 128GB) Space Gray (Renewed)","2,393 ratings",$215.29,$199.80,4.6 out of 5 stars,https://m.media-amazon.com/images/I/61J-lcb+zSL._AC_SY300_SX300_.jpg,Only 1 left in stock - order soon.
"Apple iPad Pro Tablet (256GB, Wi-Fi, 9.7in) Silver (Renewed)",97 ratings,$288.00,,4.2 out of 5 stars,https://m.media-amazon.com/images/I/91xKRosDu2L.__AC_SX300_SY300_QL70_FMwebp_.jpg,Currently unavailable
"Certified Refurbished Fire HD 10 tablet, 10.1"", 1080p Full HD, 32 GB, latest model (2021 release), Black","5,452 ratings",,,4.5 out of 5 stars,https://m.media-amazon.com/images/I/61y-9Uk3D1L._AC_SY300_SX300_.jpg,Currently unavailable
"Apple MPHH2LL/A iPad Pro with Wi-Fi + Cellular 256GB, 10.5 inches, Silver (Renewed)",12 ratings,$375.00,$379.95,4.1 out of 5 stars,https://m.media-amazon.com/images/I/51p0wv3L4mL.__AC_SX300_SY300_QL70_FMwebp_.jpg,Only 1 left in stock - order soon.
"Mid 2017 Apple 10.5 inches iPad Pro (256GB, Wi-Fi + 4G LTE, Space Gray) (Renewed)",198 ratings,$330.00,$289.00,4.3 out of 5 stars,https://m.media-amazon.com/images/I/514CNHVs7NL.__AC_SX300_SY300_QL70_FMwebp_.jpg,Only 8 left in stock - order soon.
"PRITOM M10 10 inch Tablet - Android Tablet with 2GB RAM, 64GB ROM, 512GB Expandable, Quad-Core, HD IPS Screen, 2.0 MP + 8.0 MP Dual Camera, WiFi, Bluetooth, Stable Tablet with 6000mAh Battery","2,810 ratings",,,3.9 out of 5 stars,https://m.media-amazon.com/images/I/618V2OyK53L.__AC_SX300_SY300_QL70_FMwebp_.jpg,Currently unavailable
"SAMSUNG Galaxy Tab S7+ Plus 12.4” 128GB Android Tablet w/ S Pen Included, Edge-to-Edge Display, Expandable Storage, Fast Charging USB-C Port, ‎SM-T970NZKAXAR, Mystic Black","14,427 ratings",,,4.8 out of 5 stars,https://m.media-amazon.com/images/I/61Pdj7aLyCL.__AC_SY300_SX300_QL70_FMwebp_.jpg,Only 1 left in stock - order soon
"Headwolf Android 12 Tablet 10 inch Tablets, WPad3 12GB RAM 128GB ROM 512GB Expand 8 Core Android Tablet with 8MP+16MP Dual Camera, 7700mAh Battery, 2.4G/5G WiFi, Bluetooth 5.0, GPS, HD Screen (Gray)",201 ratings,,,4.1 out of 5 stars,https://m.media-amazon.com/images/I/61UXt+xR6NL._AC_SY300_SX300_.jpg,Currently unavailable
"2017 Apple iPad Pro (10.5-inch, Wi-Fi + Cellular, 64GB) - Silver (Renewed)",92 ratings,$248.00,,4.2 out of 5 stars,https://m.media-amazon.com/images/I/91oqJL8OufL.__AC_SX300_SY300_QL70_FMwebp_.jpg,Only 1 left in stock - order soon.
"Apple iPad Pro 12.9-inch 2nd Generation (Mid 2017, 256GB, Wi-Fi + Cellular, Space Gray) MPA42LL/A (Renewed)",1 rating,$560.00,,5.0 out of 5 stars,https://m.media-amazon.com/images/I/51FBDEsrpxL.__AC_SX300_SY300_QL70_FMwebp_.jpg,Only 4 left in stock - order soon.
iPad Pro 11in (3nd Gen.) - 2TB - WiFi - Silver (Renewed Premium),,$929.00,,Previous page,https://m.media-amazon.com/images/I/81MF389-9gS.__AC_SX300_SY300_QL70_FMwebp_.jpg,Currently unavailable
"Dragon Touch KidzPad Y88X 7 Kids Tablet, 32GB Storage, 7 inch Android Tablets for Children, Parent Control, Kids APP Preinstalled, Kid-Proof Case, Shoulder Strap and Stylus, WiFi Only (Pink)","2,562 ratings",,,4.1 out of 5 stars,https://m.media-amazon.com/images/I/81drNOLnvWL.__AC_SX300_SY300_QL70_FMwebp_.jpg,Currently unavailable
"Amazon Fire HD 10 Kids tablet, 10.1"", 1080p Full HD, ages 3–7, 32 GB, Sky Blue, (Latest Release)","21,850 ratings",,,4.7 out of 5 stars,https://m.media-amazon.com/images/I/6138Pgj95jS._AC_SY300_SX300_.jpg,Currently unavailable
iPad Pro 11in (3nd Gen.) - 512GB - WiFi - Silver (Renewed Premium),,$899.00,,Previous page of related Sponsored Products,https://m.media-amazon.com/images/I/81slrALf2uS.__AC_SX300_SY300_QL70_ML2_.jpg,Currently unavailable
"Tablet 10.1 Inch Android 12 Tablets 2023 Latest Android Tablet 128GB ROM+16GB RAM (8+8 Virtual), 2 in 1 Tablet with Keyboard, Powerful Octa-Core+13MP Camera, 1TB TF Expandable, FHD WiFi Tablet PC",22 ratings,,,4.5 out of 5 stars,https://m.media-amazon.com/images/I/71dqR-rCRIL.__AC_SX300_SY300_QL70_FMwebp_.jpg,Currently unavailable
"SAMSUNG Galaxy Tab S7+ Plus 12.4” 128GB Android Tablet w/ S Pen Included, Edge-to-Edge Display, Expandable Storage, Fast Charging USB-C Port, ‎SM-T970NZKAXAR, Mystic Black","14,427 ratings",,,4.8 out of 5 stars,https://m.media-amazon.com/images/I/61Pdj7aLyCL.__AC_SY300_SX300_QL70_FMwebp_.jpg,Only 1 left in stock - order soon
"DOOGEE T30 PRO Tablet,11'' 2.5K Android 13 Tablets, 15GB+256GB Octa-Core Gaming Tablet, 8580mAh, Hi-Res Quad Speakers, 20MP Camera, Helio G99, TÜV Low Bluelight, Split Screen - Bluetooth & Wi-Fi",60 ratings,,,4.7 out of 5 stars,https://m.media-amazon.com/images/I/71OZxm9H3dL.__AC_SX300_SY300_QL70_FMwebp_.jpg,Currently unavailable
"Apple iPad Pro Tablet (256GB, Wi-Fi, 9.7in) Gold (Renewed)",85 ratings,$299.00,,4.3 out of 5 stars,https://m.media-amazon.com/images/I/91xk0o++tdL._AC_SY300_SX300_.jpg,Only 6 left in stock - order soon.
"Apple MGL12LL/A iPad Air 2 Gray 9.7-Inch Retina Display, 16GB, Wi-Fi (Renewed)","1,097 ratings",$119.60,$124.00,4.4 out of 5 stars,https://m.media-amazon.com/images/I/71K-M4WTmNL.__AC_SX300_SY300_QL70_FMwebp_.jpg,Only 14 left in stock - order soon.
"Amazon Fire HD 10 Kids tablet, 10.1"", 1080p Full HD, ages 3–7, 32 GB, Sky Blue, (Latest Release)","21,850 ratings",,,4.7 out of 5 stars,https://m.media-amazon.com/images/I/6138Pgj95jS._AC_SY300_SX300_.jpg,Currently unavailable
"2018 Apple iPad (9.7-inch, Wi-Fi, 128GB) - Silver (Renewed)",672 ratings,$199.00,$200.99,4.4 out of 5 stars,https://m.media-amazon.com/images/I/61ilXTyALEL.__AC_SX300_SY300_QL70_FMwebp_.jpg,Only 1 left in stock - order soon.
"Apple iPad Pro (10.5-inch, Wi-Fi + Cellular, 64GB) - Rose Gold (Previous Model)",267 ratings,,,4.6 out of 5 stars,https://m.media-amazon.com/images/I/71hA1Sf1TnL.__AC_SX342_SY445_QL70_FMwebp_.jpg,Currently unavailable
Apple iPad Pro 10.5in - 512GB Wifi - 2017 Model - GOLD (Renewed),32 ratings,$340.00,,4.2 out of 5 stars,https://m.media-amazon.com/images/I/71DEzqyxYSL.__AC_SX300_SY300_QL70_FMwebp_.jpg,Only 5 left in stock - order soon.
"Apple 10.5in iPad Pro 256GB, Wi-Fi, Space Gray MPDY2LL/A (Renewed)",340 ratings,$366.00,$346.00,4.4 out of 5 stars,https://m.media-amazon.com/images/I/91Elj6P5qyL.__AC_SX300_SY300_QL70_FMwebp_.jpg,Only 2 left in stock - order soon.
"Amazon Fire HD 8 Kids Pro tablet, 8"" HD display, ages 6-12, 30% faster processor, 13 hours battery life, Kid-Friendly Case, 32 GB, (2022 release), Rainbow Universe","3,816 ratings",,,4.6 out of 5 stars,https://m.media-amazon.com/images/I/81+CCPJHJCL._AC_SY300_SX300_.jpg,Currently unavailable
"iPad Pro 9.7-inch (32GB, Wi-Fi + Cellular, Space Gray) 2016 Model (Refurbished)",35 ratings,$199.00,$199.00,4.0 out of 5 stars,https://m.media-amazon.com/images/I/61iDD3zzWKL.__AC_SY300_SX300_QL70_FMwebp_.jpg,Only 1 left in stock - order soon.
"2018 Apple iPad (Wi-Fi + Cellular, 32GB) - Space Gray (Renewed)",239 ratings,$185.00,$185.00,4.5 out of 5 stars,https://m.media-amazon.com/images/I/61cL4Wr8iLL.__AC_SX300_SY300_QL70_FMwebp_.jpg,Only 14 left in stock - order soon.
"Apple iPad Pro Tablet (128GB, LTE, 9.7in) Silver (Renewed)",99 ratings,$235.00,$219.99,4.3 out of 5 stars,https://m.media-amazon.com/images/I/81woIAyHfnL.__AC_SX300_SY300_QL70_FMwebp_.jpg,Only 1 left in stock - order soon.
"Apple iPad Pro 10.5in with ( Wi-Fi + Cellular ) - 64GB, Rose Gold (Renewed)",133 ratings,$249.00,$249.00,4.2 out of 5 stars,https://m.media-amazon.com/images/I/61WMVF9bLiL.__AC_SY300_SX300_QL70_FMwebp_.jpg,Only 1 left in stock - order soon.
"2018 Apple iPad (WiFi, 128GB) Space Gray (Renewed)","2,393 ratings",$215.29,$199.80,4.6 out of 5 stars,https://m.media-amazon.com/images/I/61J-lcb+zSL._AC_SY300_SX300_.jpg,Only 1 left in stock - order soon.
"Android Tablet, 10 Inch Android 12 Tablet, 8GB RAM 128GB ROM, 1TB Expand, Android Tablet with 5G WiFi, 4G/LTE, 8000 mAh Battery, Bluetooth 5.0, Dual Camera, FHD IPS Touch Screen, GPS, GMS Certified",123 ratings,,,4.3 out of 5 stars,https://m.media-amazon.com/images/I/81aVdGmqXRL.__AC_SX300_SY300_QL70_FMwebp_.jpg,Currently unavailable
"EATOP USB Flash Drive 1TB iPhone Memory Stick Storage for Photos and Videos, Flash Thumb Drive Compatible with iPad Android and Computers (Purple)","4,813 ratings",,,4.0 out of 5 stars,https://m.media-amazon.com/images/I/71oX3qhYdaL.__AC_SX300_SY300_QL70_FMwebp_.jpg,Currently unavailable
"OPCUS iPad 9th Generation Case with Keyboard for iPad 10.2"" 9th 2021/8th 2020/7th 2019/Air 3/Pro 10.5,ipad case with Keyboard Bluetooth, Wireless Keyboard iPad Case-Purple",26 ratings,,,3.9 out of 5 stars,https://m.media-amazon.com/images/I/71sru40Nl9L.__AC_SX300_SY300_QL70_FMwebp_.jpg,Currently unavailable
"Microsoft Surface Go (Intel Pentium Gold, 4GB RAM, 64GB)","2,046 ratings",,,4.4 out of 5 stars,https://m.media-amazon.com/images/I/61vAmTmH3FL.__AC_SX300_SY300_QL70_FMwebp_.jpg,Only 3 left in stock - order soon
iPad Pro 11in (3nd Gen.) - 2TB - WiFi - Space Gray (Renewed Premium),,$929.00,,Previous page,https://m.media-amazon.com/images/I/81XfNvIQBXS.__AC_SX300_SY300_QL70_FMwebp_.jpg,Currently unavailable
"Apple MGL12LL/A iPad Air 2 Gray 9.7-Inch Retina Display, 16GB, Wi-Fi (Renewed)","1,097 ratings",$119.60,$124.00,4.4 out of 5 stars,https://m.media-amazon.com/images/I/71K-M4WTmNL.__AC_SX300_SY300_QL70_FMwebp_.jpg,Only 14 left in stock - order soon.
"Apple 9.7in iPad (Early 2018, 32GB, Wi-Fi Only, Silver) MR7G2LL/A (Renewed)",721 ratings,$155.00,$158.00,4.6 out of 5 stars,https://m.media-amazon.com/images/I/71GUlLHuPoL.__AC_SX300_SY300_QL70_FMwebp_.jpg,Only 1 left in stock - order soon.
"2 Pack USB C Headphones, In-Ear Earbuds with Microphone & Remote Control Noise Cancelling Wired Type C Earphones, Compatible with Android Smartphone Galaxy S20/Note 20/Pixel 5, iPad Pro 2020","3,071 ratings",,,4.0 out of 5 stars,https://m.media-amazon.com/images/I/61hBHl3YA6L.__AC_SX300_SY300_QL70_FMwebp_.jpg,Currently unavailable
"Apple iPad Pro 10.5-Inch 64GB Rose Gold (WiFi Only, Mid 2017) MQDY2LL/A (Renewed)",68 ratings,$249.00,$240.00,4.2 out of 5 stars,https://m.media-amazon.com/images/I/61PTz0VWzvL.__AC_SX300_SY300_QL70_FMwebp_.jpg,Only 4 left in stock - order soon.
"iPad Pro MM172LL/A 9.7-inch (32GB, Wi-Fi, Rose Gold) 2016 Model (Renewed)",16 ratings,$169.00,,4.9 out of 5 stars,https://m.media-amazon.com/images/I/91m3F8XSo7L.__AC_SX300_SY300_QL70_FMwebp_.jpg,Only 1 left in stock - order soon.
"Apple iPad Pro 10.5in (2017) 256GB, Wi-Fi - Space Gray (Renewed)",276 ratings,$330.00,,4.4 out of 5 stars,https://m.media-amazon.com/images/I/61YxUI8IVgL.__AC_SY300_SX300_QL70_FMwebp_.jpg,Only 3 left in stock - order soon.
"Apple iPad Pro (10.5-inch, Wi-Fi + Cellular, 64GB) - Space Gray (Renewed)",9 ratings,$355.00,$355.00,4.7 out of 5 stars,https://m.media-amazon.com/images/I/61ArDCag7rL.__AC_SX300_SY300_QL70_FMwebp_.jpg,Currently unavailable
"Amazon Fire HD 10 tablet, 10.1"", 1080p Full HD, 64 GB, latest model (2021 release), Black","117,958 ratings",,,4.6 out of 5 stars,https://m.media-amazon.com/images/I/61aoLKgeqpL._AC_SY300_SX300_.jpg,Currently unavailable
"2018 Apple iPad (WiFi, 128GB) Space Gray (Renewed)","2,393 ratings",$215.29,$199.80,4.6 out of 5 stars,https://m.media-amazon.com/images/I/61J-lcb+zSL._AC_SY300_SX300_.jpg,Only 1 left in stock - order soon.
Apple iPad Pro 11in (3nd Gen.) - 128GB - WiFi - Silver (Renewed Premium),4 ratings,$679.00,,3.0 out of 5 stars,https://m.media-amazon.com/images/I/81slrALf2uS.__AC_SX300_SY300_QL70_FMwebp_.jpg,Currently unavailable
"Apple iPad Pro Tablet MM192LL/A 128GB WiFi 9.7in,Rose Gold (Renewed)",6 ratings,$259.00,,2.6 out of 5 stars,https://m.media-amazon.com/images/I/91m3F8XSo7L.__AC_SX300_SY300_QL70_FMwebp_.jpg,Currently unavailable
"Certified Refurbished Fire HD 10 tablet, 10.1"", 1080p Full HD, 32 GB, latest model (2021 release), Black","5,452 ratings",,,4.5 out of 5 stars,https://m.media-amazon.com/images/I/61y-9Uk3D1L._AC_SY300_SX300_.jpg,Currently unavailable
"SAMSUNG Galaxy Tab S7+ Plus 12.4” 128GB Android Tablet w/ S Pen Included, Edge-to-Edge Display, Expandable Storage, Fast Charging USB-C Port, ‎SM-T970NZKAXAR, Mystic Black","14,427 ratings",,,4.8 out of 5 stars,https://m.media-amazon.com/images/I/61Pdj7aLyCL.__AC_SY300_SX300_QL70_FMwebp_.jpg,Only 1 left in stock - order soon
"Blackview 2023 New Tab12 Pro Android 12 Tablets Tablet 10"" inch Tablet 14GB+128GB 1TB Expand Tablet PC,1980 * 1200 FHD+IPS,2.4G/5G WiFi Tablet,Bluetooth 5.0 GPS Blue",228 ratings,,,4.1 out of 5 stars,https://m.media-amazon.com/images/I/71U2bCgZsmL.__AC_SX300_SY300_QL70_FMwebp_.jpg,Currently unavailable
"Apple iPad Pro Tablet (256GB, Wi-Fi, 9.7in) Gold (Renewed)",85 ratings,$299.00,,4.3 out of 5 stars,https://m.media-amazon.com/images/I/91xk0o++tdL._AC_SY300_SX300_.jpg,Only 6 left in stock - order soon.
Apple iPad Pro 10.5in - 512GB Wifi - 2017 Model - GREY (Renewed),133 ratings,$415.00,,4.5 out of 5 stars,https://m.media-amazon.com/images/I/91Elj6P5qyL.__AC_SX300_SY300_QL70_FMwebp_.jpg,Only 2 left in stock - order soon.
"iPad Pro 9.7-inch (32GB, Wi-Fi + Cellular, Space Gray) 2016 Model (Refurbished)",35 ratings,$199.00,$199.00,4.0 out of 5 stars,https://m.media-amazon.com/images/I/61iDD3zzWKL.__AC_SY300_SX300_QL70_FMwebp_.jpg,Only 1 left in stock - order soon.
Apple iPad Pro 10.5in - 256GB Wifi - 2017 Model - Silver (Renewed),138 ratings,$299.00,,4.5 out of 5 stars,https://m.media-amazon.com/images/I/71miOExATKL.__AC_SX300_SY300_QL70_FMwebp_.jpg,Only 1 left in stock - order soon.
Apple IPad Air 2 WI-FI 64GB Space Gray (Renewed),"2,613 ratings",$169.00,$151.49,4.5 out of 5 stars,https://m.media-amazon.com/images/I/61PBkx5SMhL.__AC_SY300_SX300_QL70_FMwebp_.jpg,Only 8 left in stock - order soon.
"2 in 1 Tablet 10.1 Inch, Android 11.0 Tablets, 64GB/128GB ROM, Dual 4G Cellular with Keyboard, 18MP Camera, Octa-Core Processor, WiFi, GPS, Bluetooth, Google Certified Tablet PC(2023 Gray)","1,965 ratings",,,4.1 out of 5 stars,https://m.media-amazon.com/images/I/81A6JQu3D8S.__AC_SX300_SY300_QL70_FMwebp_.jpg,Only 1 left in stock - order soon
"Android 12 Tablet, Blackciew Tablet 10.5 inch, Widevine L1, 14GB+256GB/TF 1TB Tablet, 8280mAh Battery, 13MP+8MP Cameras, Octa-Core Gaming Tablet, FHD+ IPS Screen/5G WiFi/Quad Speakers/GPS-Gray",175 ratings,,,4.3 out of 5 stars,https://m.media-amazon.com/images/I/71gCta-vjYL.__AC_SX300_SY300_QL70_FMwebp_.jpg,Currently unavailable
"LNMBBS Android Tablet 10 Inch, 11GB RAM 64GB Storage, Android 12.0, Octa-Core Processor, Tablet with Keyboard, Large Battery, Dual Camera, Wi-Fi, Bluetooth, GPS, Mouse,Tablet Cover, Tablet,Gold",538 ratings,,,4.3 out of 5 stars,https://m.media-amazon.com/images/I/71amTKCn9WL.__AC_SX300_SY300_QL70_FMwebp_.jpg,Only 1 left in stock - order soon.
"Apple iPad 9.7in 6th Generation WiFi + Cellular (32GB, Silver) (Renewed)",195 ratings,$177.00,$174.99,4.5 out of 5 stars,https://m.media-amazon.com/images/I/61gl0oK+GWL._AC_SY300_SX300_.jpg,Currently unavailable
"Android Tablet, 10.1 Inch Android 12 Tablet, 6GB RAM 64GB ROM, 1TB Expand, Android Tablet with 8000mAh Battery, Dual Camera, 5G WiFi, Bluetooth, FHD IPS Touch Screen, GPS, Google GMS Certified",363 ratings,,,3.8 out of 5 stars,https://m.media-amazon.com/images/I/81TtgFNJrGL.__AC_SY300_SX300_QL70_FMwebp_.jpg,Currently unavailable
"2023 Newest 2 in 1 Tablet, 10 inch Android 11 Tablet with Keyboard, 4GB+64GB, Tablets with Case Mouse Stylus, 1.8GHz Quad Core, 1280*800 HD Touch Screen, 8MP Dual Camera, Games, Wi-Fi, BT Tableta PC",229 ratings,,,3.9 out of 5 stars,https://m.media-amazon.com/images/I/71XyRfqEVNL.__AC_SX300_SY300_QL70_FMwebp_.jpg,Currently unavailable
"Android 11.0 Tablet, 2023 Latest 2 in 1 Tablet 10.1 Inch, 4G Cellular Tablet with Keyboard, 64GB+4GB Storage, Octa-Core Processor, 2 Sim Slot, 13MP Camera, Mouse/Stylus/GPS/WiFi/Bluetooth (Silver)","1,097 ratings",,,4.2 out of 5 stars,https://m.media-amazon.com/images/I/71d0S8Vbh8L.__AC_SX300_SY300_QL70_FMwebp_.jpg,Only 1 left in stock - order soon
"2018 Apple iPad Pro (12.9-inch, Wi-Fi, 256GB) - Space Gray (Renewed Premium)",,$649.99,,5.0 out of 5 stars,https://m.media-amazon.com/images/I/61DsXT1ldtL.__AC_SX300_SY300_QL70_FMwebp_.jpg,Only 1 left in stock - order soon.
"Apple iPad Pro (12.9-inch, Wi-Fi, 256GB) - Silver (3rd Generation)","2,973 ratings",,,4.8 out of 5 stars,https://m.media-amazon.com/images/I/71+ud9p+tYL._AC_SY445_SX342_.jpg,Only 1 left in stock - order soon
"Kids Tablets, 7 inch Tablet for Kids, 32GB ROM, IPS HD Display, Android 11 Quad Core Processor, iWawa Pre Installed with Kid-Proof Case, Bluetooth, Dual Camera (Green)",86 ratings,,,3.9 out of 5 stars,https://m.media-amazon.com/images/I/71iAJCiwq4L.__AC_SX300_SY300_QL70_FMwebp_.jpg,Currently unavailable
"SGIN Tablet 10.1 Inch Android 12 Tablets, 8GB RAM 128GB ROM Tablets with MTK Octa-Core Processor, IPS FHD 1920 * 1200, 8MP + 5MP Camera, BT 5.0, 2.4G/5G WiFi, 6000mAh, Type-C, Supports TF Card 512GB",2 ratings,,,5.0 out of 5 stars,https://m.media-amazon.com/images/I/817ZsKq4blL.__AC_SX300_SY300_QL70_FMwebp_.jpg,Currently unavailable
"Apple iPad 9.7' with WiFi, 32GB, Space Gray - MP2F2LL/A (Renewed)",496 ratings,$149.00,$146.69,4.4 out of 5 stars,https://m.media-amazon.com/images/I/7124gFx2DpL.__AC_SX300_SY300_QL70_FMwebp_.jpg,Only 4 left in stock - order soon.
"Apple iPad Pro (10.5-inch, Wi-Fi + Cellular, 64GB) - Space Gray (Renewed)",9 ratings,$355.00,$355.00,4.7 out of 5 stars,https://m.media-amazon.com/images/I/61ArDCag7rL.__AC_SX300_SY300_QL70_FMwebp_.jpg,Currently unavailable
"Apple iPad Pro Tablet MM192LL/A 128GB WiFi 9.7in,Rose Gold (Renewed)",6 ratings,$259.00,,2.6 out of 5 stars,https://m.media-amazon.com/images/I/91m3F8XSo7L.__AC_SX300_SY300_QL70_FMwebp_.jpg,Currently unavailable
"Introducing Amazon Fire Max 11 tablet, our most powerful tablet yet, vivid 11"" display, octa-core processor, 4 GB RAM, 14-hour battery life, 64 GB, Gray","1,701 ratings",,,4.4 out of 5 stars,https://m.media-amazon.com/images/I/61vY64lG1DL._AC_SY300_SX300_.jpg,Currently unavailable
"Microsoft Surface Pro 6 (Intel Core i5, 8GB RAM, 128GB) - Black - NKR-00001",21 ratings,$849.20,$849.20,4.2 out of 5 stars,https://m.media-amazon.com/images/I/51vD5ipid5L.__AC_SX300_SY300_QL70_FMwebp_.jpg,Currently unavailable
"Apple iPad Pro 10.5-Inch 64GB Rose Gold (WiFi Only, Mid 2017) MQDY2LL/A (Renewed)",68 ratings,$249.00,$240.00,4.2 out of 5 stars,https://m.media-amazon.com/images/I/61PTz0VWzvL.__AC_SX300_SY300_QL70_FMwebp_.jpg,Only 4 left in stock - order soon.
Apple iPad Air 2 16GB Cellular Space Gray (Renewed),260 ratings,$139.00,$144.99,4.3 out of 5 stars,https://m.media-amazon.com/images/I/61D5coMLSjL.__AC_SY300_SX300_QL70_FMwebp_.jpg,Only 11 left in stock - order soon.
Apple Renewed iPad Air 2 - 128GB - Space Grey (Renewed),863 ratings,$215.00,,4.3 out of 5 stars,https://m.media-amazon.com/images/I/41uhjjjOAsL.__AC_SX300_SY300_QL70_FMwebp_.jpg,Only 20 left in stock - order soon.
"Apple iPad Pro Tablet (32GB, Wi-Fi, 9.7') Rose Gold (Renewed)",623 ratings,$226.00,,4.4 out of 5 stars,https://m.media-amazon.com/images/I/91QlrgIeLOL.__AC_SX300_SY300_QL70_FMwebp_.jpg,Currently unavailable
"Apple iPad 9.7 with WiFi, 128GB- Gold (2017 Model) - (Renewed)",707 ratings,$191.44,$191.44,4.6 out of 5 stars,https://m.media-amazon.com/images/I/71axL+KrZLL._AC_SY300_SX300_.jpg,Only 13 left in stock - order soon.
"Kids Tablet 10 inch Tablet for Kids 3GB 64GB Toddler Tablet with Case, Kids Learning Android Tablet with WiFi Dual Camera IPS Screen Kids Software Installed Childrens Tablet for Toddlers YouTube",8 ratings,,,4.1 out of 5 stars,https://m.media-amazon.com/images/I/71lgoU2C6-L.__AC_SX300_SY300_QL70_FMwebp_.jpg,Currently unavailable
"2018 Apple iPad Pro (12.9-inch, Wi-Fi, 256GB) - Space Gray (Renewed Premium)",,$649.99,,5.0 out of 5 stars,https://m.media-amazon.com/images/I/61DsXT1ldtL.__AC_SX300_SY300_QL70_FMwebp_.jpg,Only 1 left in stock - order soon.
"Teazgopx Bling Rhinestone iPad Pro 11 inch Case (1st, 2nd, 3rd, 4th Gen) 2018/2020/2021/2022 - Over 4100 High Quality Hand Glued Diamond,Glitter Sparkle Fashion Luxury Shiny Crystal Hard Shell",,,,Previous page of related Sponsored Products,https://m.media-amazon.com/images/I/514peQoZdjL._QL70_FMwebp_.jpg,Currently unavailable
"Microsoft Surface Go (Intel Pentium Gold, 4GB RAM, 64GB)","2,046 ratings",,,4.4 out of 5 stars,https://m.media-amazon.com/images/I/61vAmTmH3FL.__AC_SX300_SY300_QL70_FMwebp_.jpg,Only 3 left in stock - order soon
ALLDOCUBE Android 12 Tablet 10.4 Inch Octa Core 2K Resolution FHD Tablets 64GB Storage 5G WiFi Bluetooth 5.0 GPS 5MP+8MP Camera iPlay50,953 ratings,,,4.3 out of 5 stars,https://m.media-amazon.com/images/I/71beB2C7L7L.__AC_SX300_SY300_QL70_FMwebp_.jpg,Currently unavailable
"HOTTABLET Newest 10 inch Tablets 6GB RAM 128GB ROM 1T Expansion Tablet with Keyboard, WiFi 6 Android 11 Tablet PC, IPS Screen, Dual Camera, 6000mAh Battery Computer Tablet with Case, Stylus, Black",63 ratings,,,3.8 out of 5 stars,https://m.media-amazon.com/images/I/71PaDeLVUrL.__AC_SX300_SY300_QL70_FMwebp_.jpg,Currently unavailable
"2019 Apple iPad 7th Gen (10.2 inch, Wi-Fi + Cellular, 128GB) Space Gray (Renewed)",189 ratings,$279.95,$269.49,4.5 out of 5 stars,https://m.media-amazon.com/images/I/41cRwtHyROS.__AC_SX300_SY300_QL70_FMwebp_.jpg,Only 6 left in stock - order soon.
ALLDOCUBE Android 12 Tablet 10.4 Inch Octa Core 2K Resolution FHD Tablets 64GB Storage 5G WiFi Bluetooth 5.0 GPS 5MP+8MP Camera iPlay50,953 ratings,,,4.3 out of 5 stars,https://m.media-amazon.com/images/I/71beB2C7L7L.__AC_SX300_SY300_QL70_FMwebp_.jpg,Currently unavailable
"Google Pixel Tablet with Charging Speaker Dock - Android Tablet with 11-Inch Screen, Smart Home Controls, and Long-Lasting Battery - Porcelain/Porcelain - 128 GB",120 ratings,,,4.3 out of 5 stars,https://m.media-amazon.com/images/I/71nJxwi2gYL.__AC_SX300_SY300_QL70_FMwebp_.jpg,Currently unavailable
"WV LeisureMaster S30 Pro Tablet,10.1-inch Tablet, Android 13 Tablet, 8GB + 256GB RAM, Octa-Core Processor, 1920 * 1200 Resolution 5g Tablet, 24MP + 13MP, 8000mah Battery, Bluetooth 5.2 with GPS（Blue",,,,Previous page,https://m.media-amazon.com/images/I/71j256PTlbL.__AC_SX300_SY300_QL70_FMwebp_.jpg,Currently unavailable
"Kids Tablet 10 inch Tablet for Kids 3GB 64GB Toddler Tablet with Case, Kids Learning Android Tablet with WiFi Dual Camera IPS Screen Kids Software Installed Childrens Tablet for Toddlers YouTube",8 ratings,,,4.1 out of 5 stars,https://m.media-amazon.com/images/I/71lgoU2C6-L.__AC_SX300_SY300_QL70_FMwebp_.jpg,Currently unavailable
"2018 Apple iPad Pro (12.9-inch, Wi-Fi, 256GB) - Space Gray (Renewed Premium)",,$649.99,,Previous page of related Sponsored Products,https://m.media-amazon.com/images/I/61DsXT1ldtL.__AC_SX300_SY300_QL70_FMwebp_.jpg,Only 1 left in stock - order soon.
"Microsoft Surface Go (Intel Pentium Gold, 4GB RAM, 64GB)","2,046 ratings",,,4.4 out of 5 stars,https://m.media-amazon.com/images/I/61vAmTmH3FL.__AC_SX300_SY300_QL70_FMwebp_.jpg,Only 3 left in stock - order soon
2023 Newest 10.1 Inch Android 11 Tablet With Keyboard - 5G WIFI Tablets Ultra-Portable- RAM 4GB | ROM 64GB 128GB Expandable -6000mAh | Dual Camera | Bluetooth 5.0| 1080FHD | Mouse/Stylus-Silver,55 ratings,,,4.2 out of 5 stars,https://m.media-amazon.com/images/I/7105e+CUsRL._AC_SY300_SX300_.jpg,Only 8 left in stock - order soon
"Certified Refurbished Fire HD 10 Plus tablet, 10.1"", 1080p Full HD, 32 GB, latest model (2021 release), Slate",906 ratings,,,4.5 out of 5 stars,https://m.media-amazon.com/images/I/61u2rvbGxbL._AC_SY300_SX300_.jpg,Currently unavailable
"HOTTABLET Newest 10 inch Tablets 6GB RAM 128GB ROM 1T Expansion Tablet with Keyboard, WiFi 6 Android 11 Tablet PC, IPS Screen, Dual Camera, 6000mAh Battery Computer Tablet with Case, Stylus, Black",63 ratings,,,3.8 out of 5 stars,https://m.media-amazon.com/images/I/71PaDeLVUrL.__AC_SX300_SY300_QL70_FMwebp_.jpg,Currently unavailable
"Apple iPad Air 2 64GB, Wi-Fi and Cellular (Unlocked), 9.7inch Space Gray (Renewed)",64 ratings,$198.99,$198.99,4.3 out of 5 stars,https://m.media-amazon.com/images/I/71cYMKoRqfL.__AC_SX300_SY300_QL70_FMwebp_.jpg,Only 6 left in stock - order soon.
"YOBANSE Kids Tablet, 7 inch Tablet for Kids 3GB RAM 32GB ROM Android 11.0 Toddler Tablet with Bluetooth, WiFi, GMS, Parental Control, Dual Camera, Shockproof Case, Educational, Games(Pink)","2,187 ratings",,,3.7 out of 5 stars,https://m.media-amazon.com/images/I/716dqW96lVL.__AC_SX300_SY300_QL70_FMwebp_.jpg,Currently unavailable
"Apple iPad Mini 4, 128GB, Space Gray - WiFi (Renewed)","2,320 ratings",$206.00,$199.99,4.4 out of 5 stars,https://m.media-amazon.com/images/I/618hKLi2ljL.__AC_SX300_SY300_QL70_FMwebp_.jpg,Currently unavailable
"Apple iPad Air 2 MH2N2LL/A (64GB , Wi-Fi + 4G, Silver) NEWEST VERSION (Renewed)",352 ratings,$174.99,$174.00,4.2 out of 5 stars,https://m.media-amazon.com/images/I/51jlBM+8DgL._AC_SX300_SY300_.jpg,Only 10 left in stock - order soon.
"Kids Tablet 7 inch Tablet for Kids Toddlers 64GB Toddler Tablet with Case WiFi Dual Camera, Kids Android Learning Tablet Kids Software Installed Parental Control for Boys Girls YouTube Netflix",101 ratings,,,3.6 out of 5 stars,https://m.media-amazon.com/images/I/61ww3akhpxL.__AC_SX300_SY300_QL70_FMwebp_.jpg,Currently unavailable
Personalized distressed leather iPad cover case for iPad Pro 9.7 11 12.9 Leather iPad portfolio case for 2019 iPad Air 10.5 inch IDP97SPNC,67 ratings,,,4.5 out of 5 stars,https://m.media-amazon.com/images/I/413MhhJXdAL._QL70_FMwebp_.jpg,Only 17 left in stock - order soon
"Android Tablet, 10.1 Inch Android 12 Tablet, 6GB RAM 64GB ROM, 1TB Expand, Android Tablet with 8000mAh Battery, Dual Camera, 5G WiFi, Bluetooth, FHD IPS Touch Screen, GPS, Google GMS Certified",363 ratings,,,3.8 out of 5 stars,https://m.media-amazon.com/images/I/81TtgFNJrGL.__AC_SY300_SX300_QL70_FMwebp_.jpg,Currently unavailable
"Headwolf Android 12 Tablet 10 inch Tablets, WPad3 12GB RAM 128GB ROM 512GB Expand 8 Core Android Tablet with 8MP+16MP Dual Camera, 7700mAh Battery, 2.4G/5G WiFi, Bluetooth 5.0, GPS, HD Screen (Gray)",201 ratings,,,4.1 out of 5 stars,https://m.media-amazon.com/images/I/61UXt+xR6NL._AC_SY300_SX300_.jpg,Currently unavailable
"Apple iPad 9.7 with WiFi, 128GB- Gold (2017 Model) - (Renewed)",707 ratings,$191.44,$191.44,4.6 out of 5 stars,https://m.media-amazon.com/images/I/71axL+KrZLL._AC_SY300_SX300_.jpg,Only 20 left in stock - order soon.
"2023 Newest Tablet with Keyboard, 10 inch 2 in 1 Tablets, Android 11 1.8Ghz Quad-Core Processor, 64GB ROM+4GB RAM+512GB Expend Tableta, Case/Mouse/Stylus/8MP Camera/6000mAh Battery/1280x800 HD Display",328 ratings,,,3.9 out of 5 stars,https://m.media-amazon.com/images/I/7189+Imy5BL._AC_SY300_SX300_.jpg,Currently unavailable
"2 in 1 Tablet 10 inch Android 11 Tablets with Keyboard, 6GB RAM 128GB ROM 1TB Expandable Tablet PC, IPS Screen, 2+8MP HD Camera, WiFi, BT 5.0, Google Certified Tableta",548 ratings,,,4.0 out of 5 stars,https://m.media-amazon.com/images/I/71Y8GecLvZL.__AC_SX300_SY300_QL70_FMwebp_.jpg,Currently unavailable
iPad Pro 11in (3nd Gen.) - 256GB - WiFi - Silver (Renewed Premium),,$699.00,,Previous page,https://m.media-amazon.com/images/I/81slrALf2uS.__AC_SX300_SY300_QL70_FMwebp_.jpg,Currently unavailable
Apple iPad Air 16GB WiFi Tablet - Space Gray (Renewed),710 ratings,$100.00,,3.7 out of 5 stars,https://m.media-amazon.com/images/I/61mjOsFlTbL.__AC_SX300_SY300_QL70_FMwebp_.jpg,Only 1 left in stock - order soon.
"Microsoft Surface Pro X – 13"" Touch-Screen – SQ1 - 8GB Memory - 128GB Solid State Drive – Wifi, 4G Lte – Matte Black",394 ratings,,,4.1 out of 5 stars,https://m.media-amazon.com/images/I/71WPXY5GhgL.__AC_SY300_SX300_QL70_FMwebp_.jpg,Only 6 left in stock - order soon.
"Lenovo Tab M9-2023 - Tablet - Long Battery Life - 9"" HD - Front 2MP & Rear 8MP Camera - 3GB Memory - 32GB Storage - Android 12 or Later - Folio Case Included,Gray",117 ratings,,,4.4 out of 5 stars,https://m.media-amazon.com/images/I/618mxQZWt1L.__AC_SX300_SY300_QL70_FMwebp_.jpg,Only 5 left in stock - order soon.
Apple iPad Pro 9.7in 256GB Gold WiFi + 4G Cellular ( )(Renewed),56 ratings,,,4.2 out of 5 stars,https://m.media-amazon.com/images/I/61Mwwot4zlL.__AC_SY300_SX300_QL70_FMwebp_.jpg,Currently unavailable
"Microsoft Surface Pro 5 Tablet,12.3 inch (2736 x 1824), Intel Core i5-7300U 2.6 GHz, 8 GB RAM 256GB SSD, CAM, Win 10 Pro (Renewed)",217 ratings,$839.18,$839.18,3.9 out of 5 stars,https://m.media-amazon.com/images/I/51vMxXFpLjL.__AC_SY300_SX300_QL70_FMwebp_.jpg,Only 2 left in stock - order soon.
"2019 Apple iPad Air 3rd Gen (10.5-inch, Wi-Fi + Cellular, 64GB) - Space Gray (Renewed)",132 ratings,$234.00,$238.95,4.2 out of 5 stars,https://m.media-amazon.com/images/I/61deD07VqIL.__AC_SX300_SY300_QL70_FMwebp_.jpg,Only 3 left in stock - order soon.
"HOTTABLET Newest 10 inch Tablets 6GB RAM 128GB ROM 1T Expansion Tablet with Keyboard, WiFi 6 Android 11 Tablet PC, IPS Screen, Dual Camera, 6000mAh Battery Computer Tablet with Case, Stylus, Black",63 ratings,,,3.8 out of 5 stars,https://m.media-amazon.com/images/I/71PaDeLVUrL.__AC_SX300_SY300_QL70_FMwebp_.jpg,Currently unavailable
"Apple iPad Pro 12.9in Tablet (256GB Wi-Fi + 4G, Silver)(Renewed)",48 ratings,$552.00,,3.9 out of 5 stars,https://m.media-amazon.com/images/I/81iVrjrhbRL.__AC_SX300_SY300_QL70_FMwebp_.jpg,Only 3 left in stock - order soon.
"Apple iPad Pro (10.5-inch, Wi-Fi + Cellular, 512GB) - Gold (Previous Model)",28 ratings,,,4.3 out of 5 stars,https://m.media-amazon.com/images/I/71Q7eTSOyRL.__AC_SX342_SY445_QL70_FMwebp_.jpg,Only 1 left in stock - order soon
iPad Pro 11in (3nd Gen.) - 512GB - WiFi - Space Gray (Renewed Premium),,$799.99,,Previous page of related Sponsored Products,https://m.media-amazon.com/images/I/81XfNvIQBXS.__AC_SX300_SY300_QL70_FMwebp_.jpg,Currently unavailable
"2 in 1 Tablet 10 Inch, Android 11.0 Tablet with Keyboard Case, 4GB+64GB ROM/512GB Computer Tablets, Quad Core, HD Touch Screen, Dual Carema, Games, Wi-Fi，BT, Google GMS Certified Tablet PC (Pink)",413 ratings,,,4.0 out of 5 stars,https://m.media-amazon.com/images/I/718V4G0usBL.__AC_SX300_SY300_QL70_FMwebp_.jpg,Currently unavailable
"Apple iPad Pro 12.9in Tablet (256GB Wi-Fi + 4G, Silver)(Renewed)",48 ratings,$552.00,,3.9 out of 5 stars,https://m.media-amazon.com/images/I/81iVrjrhbRL.__AC_SX300_SY300_QL70_FMwebp_.jpg,Only 3 left in stock - order soon.
"Microsoft Surface Pro 6 (Intel Core i5, 8GB RAM, 128GB) - Newest Version (Renewed)",440 ratings,$875.49,$875.49,4.4 out of 5 stars,https://m.media-amazon.com/images/I/41lV8RM60TL.__AC_SY300_SX300_QL70_FMwebp_.jpg,Only 1 left in stock - order soon.
"2 in 1 Tablet 10.1 Inch, Android 11.0 Tablets, 64GB/128GB ROM, Dual 4G Cellular with Keyboard, 18MP Camera, Octa-Core Processor, WiFi, GPS, Bluetooth, Google Certified Tablet PC(2023 Gray)","1,965 ratings",,,4.1 out of 5 stars,https://m.media-amazon.com/images/I/81A6JQu3D8S.__AC_SX300_SY300_QL70_FMwebp_.jpg,Only 1 left in stock - order soon
"Android Tablet, 10.1 Inch Android 12 Tablet, 6GB RAM 64GB ROM, 1TB Expand, Android Tablet with 8000mAh Battery, Dual Camera, 5G WiFi, Bluetooth, FHD IPS Touch Screen, GPS, Google GMS Certified",363 ratings,,,3.8 out of 5 stars,https://m.media-amazon.com/images/I/81TtgFNJrGL.__AC_SY300_SX300_QL70_FMwebp_.jpg,Currently unavailable
2023 Newest 10.1 Inch Android 11 Tablet With Keyboard - 5G WIFI Tablets Ultra-Portable- RAM 4GB | ROM 64GB 128GB Expandable -6000mAh | Dual Camera | Bluetooth 5.0| 1080FHD | Mouse/Stylus-Silver,55 ratings,,,4.2 out of 5 stars,https://m.media-amazon.com/images/I/7105e+CUsRL._AC_SY300_SX300_.jpg,Only 8 left in stock - order soon
COLORROOM Kids Tablet 10inch Tablet for Kids Kids-Friendly Case 3GB 64GB Android11 Tablets Eye Protection Screen 6000mAh Big Battery Parental Control Kidoz YouTube Netflix (Purple),189 ratings,,,3.7 out of 5 stars,https://m.media-amazon.com/images/I/71CJ2laFY9L.__AC_SX300_SY300_QL70_FMwebp_.jpg,Currently unavailable
"JREN Kids Tablet, 10"" Tablet pc,IPS HD Display 1280 X 800,1080p, Ram 2GB and 32GB Storage, Bluetooth, Wi-Fi,Kidoz Pre-Installed, Dual Cameras,Color Pink",391 ratings,,,4.0 out of 5 stars,https://m.media-amazon.com/images/I/71o+a08y09L._AC_SY300_SX300_.jpg,Currently unavailable
"Dragon Touch KidzPad Y88X 7 Kids Tablet, 32GB Storage, 7 inch Android Tablets for Children, Parent Control, Kids APP Preinstalled, Kid-Proof Case, Shoulder Strap and Stylus, WiFi Only (Pink)","2,562 ratings",,,4.1 out of 5 stars,https://m.media-amazon.com/images/I/81drNOLnvWL.__AC_SX300_SY300_QL70_FMwebp_.jpg,Currently unavailable
"Dell Latitude 5290 8th Gen Tablet PC (Intel Core i5 - 8350U 1.7GHz, 8GB Ram, 256GB SSD, Wifi, Bluetooth, Dual Camera, USB 3.0) Win 10 Pro (Renewed)",1 rating,$299.00,,3.0 out of 5 stars,https://m.media-amazon.com/images/I/61GGdYVy0WL.__AC_SX300_SY300_QL70_FMwebp_.jpg,Only 4 left in stock - order soon.
"Apple iPad Pro Tablet (256GB, Wi-Fi, 9.7in) Rose (Renewed)",142 ratings,$339.00,,4.3 out of 5 stars,https://m.media-amazon.com/images/I/91QlrgIeLOL.__AC_SX300_SY300_QL70_FMwebp_.jpg,Only 1 left in stock - order soon.
"Apple iPad Pro 10.5-inch (64GB, Wi-Fi, Space Gray) 2017 Model",206 ratings,,,4.6 out of 5 stars,https://m.media-amazon.com/images/I/71Aw4Lffc3L.__AC_SX342_SY445_QL70_FMwebp_.jpg,Only 1 left in stock - order soon
"NOBKLEN Kids Tablet 10 Inch Tablet with Android 12 OS - 4GB RAM and 64GB Storage, 2.4G/5G WiFi, 1280 * 800 IPS Display, 8000mAh Battery, Bluetooth 5.0, GPS, Dual Cameras, and Parental Controls",47 ratings,,,3.9 out of 5 stars,https://m.media-amazon.com/images/I/71rA-pqcusL.__AC_SY300_SX300_QL70_FMwebp_.jpg,Currently unavailable
"Amazon Fire 7 tablet, 7” display, read and watch, under $60 with 10-hour battery life, (2022 release), 16 GB, Denim","10,712 ratings",,,4.5 out of 5 stars,https://m.media-amazon.com/images/I/714HTqZ7M-L._AC_SY300_SX300_.jpg,Currently unavailable
"Apple iPad 9.7 with WiFi, 128GB- Silver (2017 Model) - (Renewed)",379 ratings,$190.00,$189.00,4.6 out of 5 stars,https://m.media-amazon.com/images/I/611t8KTCFeL.__AC_SX300_SY300_QL70_FMwebp_.jpg,Only 2 left in stock - order soon.
"ApoloSign Android 13 Tablet, 10.1-inch Tablet with Octa-core Processor, 4GB RAM, up to 128GB Expand, Long Lasting Battery, and WiFi6, Bluetooth, G-Sensor, Dual Camera, Google Play GMS Certified",27 ratings,,,5.0 out of 5 stars,https://m.media-amazon.com/images/I/61cF4ha9XCL.__AC_SX300_SY300_QL70_FMwebp_.jpg,Currently unavailable
"TECLAST Android 12 10 inch Tablets, M40Plus 8GB+128GB Tablet, 1TB Expand 8 Core Android Tablet, 2.4G/5G WiFi, 1920*1200 IPS, 7000mAh Fast Charge, Bluetooth 5.0, GPS, Dual Camera, Parent control",680 ratings,,,4.4 out of 5 stars,https://m.media-amazon.com/images/I/71s1mlbLNaL.__AC_SX300_SY300_QL70_FMwebp_.jpg,Currently unavailable
"Apple iPad Air 2 128GB Factory Unlocked (Wi-Fi + Cellular 4G LTE, Space Gray) Newest Version (Renewed)",258 ratings,$239.00,$189.99,4.1 out of 5 stars,https://m.media-amazon.com/images/I/61Tgw4Aeq3L.__AC_SY300_SX300_QL70_FMwebp_.jpg,Only 1 left in stock - order soon.
"2023 Newest 2 in 1 Tablet, 10 inch Android 11 Tablet with Keyboard, 4GB+64GB, Tablets with Case Mouse Stylus, 1.8GHz Quad Core, 1280*800 HD Touch Screen, 8MP Dual Camera, Games, Wi-Fi, BT Tableta PC",229 ratings,,,3.9 out of 5 stars,https://m.media-amazon.com/images/I/71XyRfqEVNL.__AC_SX300_SY300_QL70_FMwebp_.jpg,Currently unavailable
"iPad Pro MLMN2CL/A (MLMN2LL/A) 9.7-inch (32GB, Wi-Fi, Space Gray) 2016 Model (Renewed)",5 ratings,$184.86,,4.6 out of 5 stars,https://m.media-amazon.com/images/I/61YNrTH1i7L.__AC_SY300_SX300_QL70_FMwebp_.jpg,Only 1 left in stock - order soon.
"Lenovo Tab M10 Plus (3rd Gen) - 2022 - Long Battery Life - 10"" FHD - Front & Rear 8MP Camera - 4GB Memory - 64GB Storage - Android 12 or Later, Gray",492 ratings,,,4.3 out of 5 stars,https://m.media-amazon.com/images/I/71TOJXChXtL.__AC_SY300_SX300_QL70_FMwebp_.jpg,Only 11 left in stock - order soon
"Amazon Fire HD 8 Plus tablet, 8” HD Display, 32 GB, 30% faster processor, 3GB RAM, wireless charging, (2022 release), Gray","2,297 ratings",,,4.5 out of 5 stars,https://m.media-amazon.com/images/I/61zxS-GzjZL._AC_SY300_SX300_.jpg,Currently unavailable
"JREN Kids Tablet, 10"" Tablet for Kids,IPS HD Display 1280 X 800, RAM 4GB and 64GB Storage, Google Family Link Kids Space Pre-Installed, YouTube,Ages 6-12,Color Pink",92 ratings,,,3.8 out of 5 stars,https://m.media-amazon.com/images/I/71Wa2CyR+ZL._AC_SY300_SX300_.jpg,Currently unavailable
"Apple iPad Pro 10.5in with ( Wi-Fi + Cellular ) - 2017 Model - 512GB, ROSE GOLD (Renewed)",37 ratings,$448.00,,4.5 out of 5 stars,https://m.media-amazon.com/images/I/91kAGJhvcJL.__AC_SX300_SY300_QL70_FMwebp_.jpg,Only 1 left in stock - order soon.
"2023 Newest Kids Tablet, 7 Inch Tablet for Kids, 2GB 32GB(Support 128GB Expand), Parental Control Android 11.0, WiFi Bluetooth Dual Camera, YouTube, Netflix, Disney Plus, Case with Stand(Blue)",47 ratings,,,4.2 out of 5 stars,https://m.media-amazon.com/images/I/71o-87mJIkL.__AC_SX300_SY300_QL70_FMwebp_.jpg,Only 1 left in stock - order soon
"iPad Pro/iPad Air Folio Case, 11"" 12.9"" 10.2"" Compatible with Magic/Smart Keyboard, Pencil Holder Pocket",,,,Previous page of related Sponsored Products,https://m.media-amazon.com/images/I/312m0+r4zVL.jpg,Currently unavailable
"SAMSUNG Galaxy Tab S8 11” 256GB WiFi 6E Android Tablet, Large LCD Screen, S Pen Included, Ultra Wide Camera, Long Lasting Battery, US Version, 2022, Pink Gold","3,314 ratings",,,4.7 out of 5 stars,https://m.media-amazon.com/images/I/818zWwTXYsL.__AC_SY300_SX300_QL70_FMwebp_.jpg,Only 1 left in stock - order soon
"2 in 1 Tablet 10.1 Inch, Android 11.0 Tablets, 64GB/128GB ROM, Dual 4G Cellular with Keyboard, 18MP Camera, Octa-Core Processor, WiFi, GPS, Bluetooth, Google Certified Tablet PC(2023 Gray)","1,965 ratings",,,4.1 out of 5 stars,https://m.media-amazon.com/images/I/81A6JQu3D8S.__AC_SX300_SY300_QL70_FMwebp_.jpg,Only 1 left in stock - order soon
COLORROOM Kids Tablet 10inch Tablet for Kids Kids-Friendly Case 3GB 64GB Android11 Tablets Eye Protection Screen 6000mAh Big Battery Parental Control Kidoz YouTube Netflix (Purple),189 ratings,,,3.7 out of 5 stars,https://m.media-amazon.com/images/I/71CJ2laFY9L.__AC_SX300_SY300_QL70_FMwebp_.jpg,Currently unavailable
"TJD Tablet 7.5 inch, Android 12.0 Smart Tablets 64GB Storage 512GB Expandable, Quad-Core Processor, Google GMS Certified Tablet Computer, PS FHD 1440x1080 Resolution Display, WiFi/Bluetooth 5.0",355 ratings,,,3.7 out of 5 stars,https://m.media-amazon.com/images/I/61WyRnVeAsL.__AC_SX300_SY300_QL70_FMwebp_.jpg,Currently unavailable
"JREN Kids Tablet, 10"" Tablet pc,IPS HD Display 1280 X 800,1080p, Ram 2GB and 32GB Storage, Bluetooth, Wi-Fi,Kidoz Pre-Installed, Dual Cameras,Color Pink",391 ratings,,,4.0 out of 5 stars,https://m.media-amazon.com/images/I/71o+a08y09L._AC_SY300_SX300_.jpg,Currently unavailable
"TCL Android 11 Tablet TAB 8V, 3GB+32GB (Up to 512GB), Portable 8 Inch Tablets, HD Display Touch Screen, 4080mAh Battery, 5G Wi-Fi Gaming Tablet with AI 5MP Camera Small Cheap Tableta for Kids, Adults",196 ratings,,,4.1 out of 5 stars,https://m.media-amazon.com/images/I/610mvRynIAL.__AC_SX300_SY300_QL70_FMwebp_.jpg,Currently unavailable
"Apple iPad Pro 10.5 | 64GB | Silver | Wi-Fi Only | Bundle: Case, Tempered Glass, Rapid Charger, Pen, Bluetooth Headset (Renewed)",,$299.00,,Previous page,https://m.media-amazon.com/images/I/51fIhfPBS1L.__AC_SX300_SY300_QL70_FMwebp_.jpg,Currently unavailable
"TenYiDe 10.1"" Inch Android Tablet, 4G LTE Dual SIM, 8GB RAM 128GB Storage（Supports 1TB Micro Card）, 1920 1200 Full HD IPS Touchscreen,Dual Camera, WiFi/WLAN/Bluetooth/GPS ，109 pro",60 ratings,,,4.5 out of 5 stars,https://m.media-amazon.com/images/I/61GvPJK695L.__AC_SX300_SY300_QL70_FMwebp_.jpg,Only 11 left in stock - order soon
"MobileDemand Flex 10B Windows 11 Pro Rugged Touchscreen Tablet with Keyboard – Ultra Lightweight – 10.1-in Display, 3000mAh Battery, Quad Core Celeron N4100 – Enterprise Mobile Field Work– Heavy Duty",137 ratings,,,3.7 out of 5 stars,https://m.media-amazon.com/images/I/51bww64VfvL.__AC_SY300_SX300_QL70_FMwebp_.jpg,Currently unavailable
"Apple iPad Air 2 64GB, Wi-Fi and Cellular (Unlocked), 9.7inch Space Gray (Renewed)",64 ratings,$198.99,$198.99,4.3 out of 5 stars,https://m.media-amazon.com/images/I/71cYMKoRqfL.__AC_SX300_SY300_QL70_FMwebp_.jpg,Only 6 left in stock - order soon.
COLORROOM Kids Tablet 10inch Tablet for Kids Kids-Friendly Case 3GB 64GB Android11 Tablets Eye Protection Screen 6000mAh Big Battery Parental Control Kidoz YouTube Netflix (Purple),189 ratings,,,3.7 out of 5 stars,https://m.media-amazon.com/images/I/71CJ2laFY9L.__AC_SX300_SY300_QL70_FMwebp_.jpg,Currently unavailable
"Tablet 2023 Newest Android Tablet 10 inch, Octa-Core 5G WiFi Tablet with Keyboard, 128GB + 4GB + 1TB Expandable Storage, Large Touch-Screen Tablet, 13MP Dual Camera/Bluetooth/GPS/HD Display/Mouse/Case",115 ratings,,,4.3 out of 5 stars,https://m.media-amazon.com/images/I/81PqVF6IqGL.__AC_SX300_SY300_QL70_FMwebp_.jpg,Currently unavailable
"Apple iPad Pro 12.9in Tablet (256GB Wi-Fi + 4G, Silver)(Renewed)",48 ratings,$552.00,,3.9 out of 5 stars,https://m.media-amazon.com/images/I/81iVrjrhbRL.__AC_SX300_SY300_QL70_FMwebp_.jpg,Only 3 left in stock - order soon.
"HAOVM 10 inch Tablet Android 12, 1080P Full HD IPS Display, 4 GB RAM, 64 GB ROM, Octa Core Processor, 2.4G/5G WiFi, 6000mAh, Type C, GPS, Dual Camera, Gray, 2023 Upgraded",5 ratings,,,4.8 out of 5 stars,https://m.media-amazon.com/images/I/611F8Y5jfkL.__AC_SX300_SY300_QL70_FMwebp_.jpg,Currently unavailable
"TECLAST Android 12 Tablet 10.4 inch Tablet, T40S 16GB+128GB Tablet with 1TB Expand, Octa-Core Processor Android Tablets, 2000 * 1200 FHD, 2.4G/5G WiFi, 6000mAh, Bluetooth 5.0, GPS, 5MP+8MP Dual Camera",65 ratings,,,4.4 out of 5 stars,https://m.media-amazon.com/images/I/61uLAG3uV+L._AC_SY300_SX300_.jpg,Currently unavailable
"Microsoft Surface Pro 5 Tablet,12.3 inch (2736 x 1824), Intel Core i5-7300U 2.6 GHz, 8 GB RAM 256GB SSD, CAM, Win 10 Pro (Renewed)",217 ratings,$839.18,$839.18,3.9 out of 5 stars,https://m.media-amazon.com/images/I/51vMxXFpLjL.__AC_SY300_SX300_QL70_FMwebp_.jpg,Only 2 left in stock - order soon.
"YOBANSE Kids Tablet, 7 inch Tablet for Kids 3GB RAM 32GB ROM Android 11.0 Toddler Tablet with Bluetooth, WiFi, GMS, Parental Control, Dual Camera, Shockproof Case, Educational, Games(Light Pink)",239 ratings,,,3.6 out of 5 stars,https://m.media-amazon.com/images/I/71hAjiqewuL.__AC_SX300_SY300_QL70_FMwebp_.jpg,Currently unavailable
ALLDOCUBE Tablet Android 12 iPlay 50 10.4 Inch Tablet Computer 128GB Storage 2K Display LCD Screen 5MP+8MP Camera 5G WiFi Bluetooth 5.0,353 ratings,,,4.4 out of 5 stars,https://m.media-amazon.com/images/I/61pX8vMwuQL.__AC_SX300_SY300_QL70_FMwebp_.jpg,Currently unavailable
"UMIDIGI Kids Tablet, G1 Tab Android 13 Tablet PC, 10.1"" Tablet for Kids, 8G+64G up to 1TB, WiFi 6, 8MP+8MP Dual Camera, Quad-Core, 6000mAh, BT5.0, TÜV Eye Bluelight Tablet Android, Parental Control",27 ratings,,,4.8 out of 5 stars,https://m.media-amazon.com/images/I/71rHVkiMF4L.__AC_SX300_SY300_QL70_FMwebp_.jpg,Only 12 left in stock - order soon
"Apple iPad Pro 2 12.9in (2017) 512GB, Wi-Fi - Gold (Renewed)",16 ratings,$599.00,$599.00,4.4 out of 5 stars,https://m.media-amazon.com/images/I/91UlPDOap5L.__AC_SX300_SY300_QL70_FMwebp_.jpg,Only 1 left in stock - order soon.
"Apple iPad 9.7 with WiFi, 128GB- Gold (2017 Model) - (Renewed)",707 ratings,$191.44,$191.44,4.6 out of 5 stars,https://m.media-amazon.com/images/I/71axL+KrZLL._AC_SY300_SX300_.jpg,Only 20 left in stock - order soon.
"PRITOM 10 inch Kids Tablet Android 12 Tabletas 32GB, Quad-Core, 6000mAh, Large HD IPS Display, WiFi 6, Dual Camera, Bluetooth, Toddler Tablet for Kids Age 3+, Blue",28 ratings,,,3.7 out of 5 stars,https://m.media-amazon.com/images/I/71AkQ9BSZML.__AC_SX300_SY300_QL70_FMwebp_.jpg,Currently unavailable
"BYYBUO SmartPad T10 2023 Full HD 10.1 inch Android 12 Tablet, Octa-Core 2.0 GHz Processor, New Upgrade 7000mAh Battery Capacity, 64GB ROM 1920x1200 Resolution, 2.4G+5G WiFi,Bluetooth,GPS,FM,Gray",406 ratings,,,4.1 out of 5 stars,https://m.media-amazon.com/images/I/71VCzTgVxyL.__AC_SY300_SX300_QL70_FMwebp_.jpg,Currently unavailable
"2022 Apple iPad Air (10.9-inch, Wi-Fi+Cellular, 64GB) Space Grey (Renewed)",24 ratings,$704.00,$704.00,4.6 out of 5 stars,https://m.media-amazon.com/images/I/61JH3x4b9zL.__AC_SX300_SY300_QL70_FMwebp_.jpg,Only 18 left in stock - order soon.
"FACETEL Tablet 10 inch Android Tablet with Keyboard 2 in 1 Tablet 4GB RAM 64GB ROM TF 128 GB, 8000mAh, FHD, Dual Camera, WiFi Bluetooth Tablet with Mouse, Black","1,720 ratings",,,4.1 out of 5 stars,https://m.media-amazon.com/images/I/71W0Ok7L5-L.__AC_SX300_SY300_QL70_FMwebp_.jpg,Currently unavailable
"iPad with Magic Keyboard Felt Cover. Apple Pencil Pocket. Compatible with iPad Air 5th/iPad Pro 11""/iPad 10th",,,,Previous page,https://m.media-amazon.com/images/I/41caxH2YcBL._QL70_FMwebp_.jpg,Only 5 left in stock - order soon
Personalized rustic leather sleeve case for 2020 iPad Pro 11 12.9 unique new iPad Pro 10.2 10.5 sleeve IPD05FS,7 ratings,,,5.0 out of 5 stars,https://m.media-amazon.com/images/I/31Ds4Oxd28L._QL70_FMwebp_.jpg,Only 18 left in stock - order soon
Apple iPad Pro 9.7in 256GB Gold WiFi + 4G Cellular ( )(Renewed),56 ratings,,,4.2 out of 5 stars,https://m.media-amazon.com/images/I/61Mwwot4zlL.__AC_SY300_SX300_QL70_FMwebp_.jpg,Currently unavailable
"Apple iPad Air 2 128GB Factory Unlocked (Wi-Fi + Cellular 4G LTE, Space Gray) Newest Version (Renewed)",258 ratings,$239.00,$189.99,4.1 out of 5 stars,https://m.media-amazon.com/images/I/61Tgw4Aeq3L.__AC_SY300_SX300_QL70_FMwebp_.jpg,Only 1 left in stock - order soon.
Apple iPad Air 2 a1567 16GB Space Gray Tablet WiFi + 4G Unlocked GSM/CDMA (Renewed),26 ratings,$149.99,$144.95,3.8 out of 5 stars,https://m.media-amazon.com/images/I/51HQSO-7e7L.__AC_SX300_SY300_QL70_FMwebp_.jpg,Only 10 left in stock - order soon.
"Apple iPad with WiFi, 32GB, Silver (2017 Model) (Renewed)",44 ratings,$154.00,$154.00,4.6 out of 5 stars,https://m.media-amazon.com/images/I/61xjxjB23VL.__AC_SY300_SX300_QL70_FMwebp_.jpg,Only 2 left in stock - order soon.
"Latest Microsoft Surface Pro 4 (2736 x 1824) Tablet 6th Generation (Intel Core i5-6300U, 8GB Ram, 256GB SSD, Bluetooth, Dual Camera) Windows 10 Professional (Renewed)",800 ratings,$289.00,$289.00,3.9 out of 5 stars,https://m.media-amazon.com/images/I/61-HxRmqP6L.__AC_SX300_SY300_QL70_FMwebp_.jpg,Only 3 left in stock - order soon.
"ANYWAY.GO Kids Tablet 10 inch Tablet for Kids Android 12 Tablet 2GB 32GB Children Learning Tablet, Parent Controls, Kidoz Pre-Installed Bluetooth WiFi Tablet Kids with Shock-Proof Case (Pink)",41 ratings,,,4.9 out of 5 stars,https://m.media-amazon.com/images/I/71w4TE5j-cL.__AC_SX300_SY300_QL70_FMwebp_.jpg,Only 1 left in stock - order soon
Wainyok 10.1 Inch Kids Tablet : Android 12 Tablets 32GB ROM 256GB Expand | Quad-Core Processor WiFi Bluetooth Dual Camera Google GMS Certified Games Parental Control with Case,22 ratings,,,3.9 out of 5 stars,https://m.media-amazon.com/images/I/71ZUOu5KFEL.__AC_SX300_SY300_QL70_FMwebp_.jpg,Currently unavailable
Personalized distressed leather iPad Pro 10.5/9.7 portfolio case with apple pencil holder - iPad stand cover -magnetic snap IPMCN,7 ratings,,,5.0 out of 5 stars,https://m.media-amazon.com/images/I/41dV6495BYL._QL70_FMwebp_.jpg,Only 11 left in stock - order soon
Apple iPad Air 2 MH2M2LL/A 64GB Wifi + Cellular Unlocked 9.7in Space Gray (Renewed),112 ratings,$339.01,$339.01,4.1 out of 5 stars,https://m.media-amazon.com/images/I/919J+pz3+zL._AC_SY300_SX300_.jpg,Only 2 left in stock - order soon.
"Apple 2021 12.9-inch iPad Pro (Wi-Fi + Cellular, 2TB) - Silver with AppleCare+ (Renews Monthly Until Cancelled)",,"$2,406.99",,4.8 out of 5 stars,https://m.media-amazon.com/images/I/51jCTqn1wWL.__AC_SY445_SX342_QL70_FMwebp_.jpg,Only 1 left in stock - order soon.
"Tablet for Kids Tablet 10 inch with Case Included, Tablet for Toddlers Tablet 10 inch Children Tablets for Kids Android Tablet 3GB 64GB with WiFi Dual Camera Learning Games for Boys Girls (Roser)",28 ratings,,,4.1 out of 5 stars,https://m.media-amazon.com/images/I/71vP+lK05nL._AC_SY300_SX300_.jpg,Currently unavailable
"Apple iPad Air 2 ( Space Gray , 32GB , WiFi + 4G ) Factory Unlocked (Renewed)",162 ratings,$159.99,$159.99,4.3 out of 5 stars,https://m.media-amazon.com/images/I/61NvCdvffoL.__AC_SX300_SY300_QL70_FMwebp_.jpg,Only 2 left in stock - order soon.
"Microsoft Surface Pro X, 13"" PixelSense Touchscreen Display, SQ1, 8GB Memory, 256GB Solid State Drive, Qualcomm Adreno 685 GPU, Windows 10 Pro, E8A-00001, Platinum (Renewed)",7 ratings,$428.99,,3.7 out of 5 stars,https://m.media-amazon.com/images/I/71z80xkTT0L.__AC_SX300_SY300_QL70_FMwebp_.jpg,Only 4 left in stock - order soon.
,,,,,,
